pathway,pval,padj,log2err,ES,NES,size,leadingEdge,analysis
"Metabolism of ingested SeMet, Sec, MeSec into H2Se (Reactome)",0.008899110088991101,0.9923018747848972,0.15267585552746882,0.5227635339237653,2.110374058893142,11,"Sarcosine;2-Oxobutanoic Acid;Dl-Alanine;Adenosine;L-Serine;D,L-Serine;Glycine",IN-MGE-Immature
Selenocompound metabolism (KEGG),0.010298970102989701,0.9923018747848972,0.14176653797590688,0.601973553974229,2.103002513591084,7,"2-Oxobutanoic Acid;Dl-Alanine;Adenosine;L-Serine;Adenosine Triphosphate (Atp);D,L-Serine",IN-MGE-Immature
Defective SLC6A19 causes Hartnup disorder (HND) (Reactome),0.033096690330966905,0.9923018747848972,0.07803528407169529,0.46922210564135897,1.837856477551545,10,"Dl-Alanine;Leucine;L-Isoleucine;L-Serine;Tryptophan;D,L-Serine;Glycine;L-Valine",IN-MGE-Immature
T cell modulation in pancreatic cancer (WikiPathways),0.0395960403959604,0.9923018747848972,0.07109499075926166,0.5234147473751916,1.828556291407768,7,Dl-Arginine;Adenosine;L-Ornithine;Adenine;Tryptophan,IN-MGE-Immature
Variant SLC6A14 may confer susceptibility towards obesity (Reactome),0.043495650434956505,0.9923018747848972,0.06769145973290497,0.4273333811448568,1.7719882762199153,12,"Dl-Alanine;Leucine;L-Lysine;L-Isoleucine;L-Serine;Tryptophan;D,L-Serine;Glycine;L-Valine",IN-MGE-Immature
Thiamine metabolic pathways (WikiPathways),0.059994000599940006,0.9923018747848972,0.05712892617858794,0.47176684881602915,1.7257817745586304,8,"D-Glucose 6-Phosphate;L-Serine;Succinic Acid;D-Ribose 5-Phosphate;D,L-Serine;Pyruvic Acid;Glucose 1-Phosphate;Dihydroxyacetone Phosphate",IN-MGE-Immature
Neurodegeneration with brain iron accumulation (NBIA) subtypes pathway (WikiPathways),0.0796920307969203,0.9923018747848972,0.049040971597469125,0.5401380343930435,1.6939181054108645,5,"D-Pantothenic Acid;D-Erythro-Sphinganine;L-Serine;D,L-Serine",IN-MGE-Immature
Glycolysis in senescence (WikiPathways),0.08809119088091191,0.9923018747848972,0.04642975535365648,0.5326086956521738,1.6703054686350403,5,"L-Serine;D,L-Serine;Dl-Glutamine;Dl-Lactic Acid;Pyruvic Acid",IN-MGE-Immature
Methionine Metabolism (KEGG),0.11228877112288771,0.9923018747848972,0.040572153621248414,0.32888891114523244,1.5098663207990872,17,"Sarcosine;2-Oxobutanoic Acid;1-Aminocyclopropanecarboxylic Acid;Adenosine;L-Serine;Adenosine Triphosphate (Atp);D,L-Serine;Glycine;N-Formyl-L-Methionine;Choline",IN-MGE-Immature
Synthesis of ceramides and 1-deoxyceramides (WikiPathways),0.1386861313868613,0.9923018747848972,0.03595888093431051,0.45420684956000323,1.5135268886479853,6,"Dl-Alanine;D-Erythro-Sphinganine;L-Serine;D,L-Serine",IN-MGE-Immature
One-carbon metabolism (WikiPathways),0.14508549145085492,0.9923018747848972,0.03502578380064452,0.45051543929093557,1.501226218359377,6,"L-Serine;D,L-Serine;Glycine;Choline",IN-MGE-Immature
Cytosolic tRNA aminoacylation (Reactome),0.15648435156484353,0.9923018747848972,0.033499951241178307,0.3152136949844912,1.4198701339532076,16,"Dl-Alanine;Leucine;L-Lysine;L-Isoleucine;L-Serine;L-Threonine;Tryptophan;D,L-Serine;Glycine;L-Valine",IN-MGE-Immature
Mitochondrial tRNA aminoacylation (Reactome),0.15648435156484353,0.9923018747848972,0.033499951241178307,0.3152136949844912,1.4198701339532076,16,"Dl-Alanine;Leucine;L-Lysine;L-Isoleucine;L-Serine;L-Threonine;Tryptophan;D,L-Serine;Glycine;L-Valine",IN-MGE-Immature
tRNA Aminoacylation (Reactome),0.15648435156484353,0.9923018747848972,0.033499951241178307,0.3152136949844912,1.4198701339532076,16,"Dl-Alanine;Leucine;L-Lysine;L-Isoleucine;L-Serine;L-Threonine;Tryptophan;D,L-Serine;Glycine;L-Valine",IN-MGE-Immature
Metabolic reprogramming in pancreatic cancer (WikiPathways),0.15778422157784222,0.9923018747848972,0.0333359157343354,0.4207686546804543,1.4699608190283,7,"D-Fructose 1,6-Bisphosphate;Udp-N-Acetylglucosamine;D-Ribose 5-Phosphate;Dl-Glutamine;Dl-Lactic Acid;Pyruvic Acid",IN-MGE-Immature
Ethanol effects on histone modifications (WikiPathways),0.16378362163783622,0.9923018747848972,0.03260273754553942,0.46975363836048184,1.4731867456725354,5,"L-Serine;D,L-Serine;Glycine",IN-MGE-Immature
Carnitine synthesis (Reactome),0.16668333166683333,0.9923018747848972,0.03226173823824839,0.43728089654098384,1.457125526504075,6,"N6,N6,N6-Trimethyl-L-Lysine;Succinic Acid;Glycine;Ne,Ne,Ne-Trimethyllysine;Dl-Carnitine",IN-MGE-Immature
"mRNA, protein, and metabolite inducation pathway by cyclosporin A (WikiPathways)",0.1685831416858314,0.9923018747848972,0.03204279730771802,0.3772745517295711,1.4321935028063595,9,Dl-Alanine;Leucine;L-Isoleucine;L-Threonine;Tryptophan,IN-MGE-Immature
Glyoxylate metabolism and glycine degradation (Reactome),0.1745825417458254,0.9923018747848972,0.03137345058934425,0.38880624049400725,1.4223015571424338,8,Sarcosine;Dl-Alanine;Glycine;Pyruvic Acid;Glycolic Acid;L-Aspartic Acid,IN-MGE-Immature
Folate metabolism (WikiPathways),0.17868213178682132,0.9923018747848972,0.030934244512807494,0.3717624172888261,1.4112685740073219,9,"D-Glucose;L-Serine;Adenosine Triphosphate (Atp);D,L-Serine;Glycine",IN-MGE-Immature
Propanoate metabolism (KEGG),0.18298170182981702,0.9923018747848972,0.03048843088839873,0.3693873196542653,1.4022523300408138,9,2-Oxobutanoic Acid;Biotin;Adenosine Triphosphate (Atp);(R)-Pantetheine;L-Valine;Acrylic Acid;Beta-Alanine,IN-MGE-Immature
Amino acid transport defects (IEMs) (WikiPathways),0.19518048195180482,0.9923018747848972,0.029298835668140944,0.33080982044286106,1.3717419451593436,12,"Dl-Alanine;Dl-Arginine;L-Serine;Tryptophan;D,L-Serine;Dl-Glutamine;Glycine",IN-MGE-Immature
"Valine, leucine and isoleucine degradation (KEGG)",0.20767923207679231,0.9923018747848972,0.02818187876736154,0.3591004474732457,1.36320174623039,9,Leucine;Biotin;L-Isoleucine;Adenosine Triphosphate (Atp);Succinic Acid;L-Valine,IN-MGE-Immature
Tryptophan metabolism (KEGG),0.22597740225977403,0.9923018747848972,0.02670275297998052,0.4057869130000176,1.3521799692847922,6,Dl-Alanine;Tryptophan;Adenosine Triphosphate (Atp),IN-MGE-Immature
Metabolic reprogramming in colon cancer (WikiPathways),0.23847615238476152,0.9923018747848972,0.02578270514873918,0.2967847345475235,1.2889136135810872,14,"D-Glucose 6-Phosphate;Citric Acid;L-Serine;D-Ribose 5-Phosphate;D,L-Serine;Dl-Glutamine;Glycine",IN-MGE-Immature
Hereditary leiomyomatosis and renal cell carcinoma pathway (WikiPathways),0.24227577242275772,0.9923018747848972,0.025515793895118415,0.39789891980025083,1.3258952714276713,6,Citric Acid;Adenosine Triphosphate (Atp);Succinic Acid;Dl-Lactic Acid;Pyruvic Acid,IN-MGE-Immature
Amino acid transport across the plasma membrane (Reactome),0.25207479252074794,0.9923018747848972,0.02485255972537928,0.25868147506426853,1.2571912519643196,21,"Dl-Alanine;Leucine;L-Lysine;L-Ornithine;L-Isoleucine;L-Serine;L-Threonine;Tryptophan;D,L-Serine;Glycine;L-Valine;Γ-Aminobutyric Acid",IN-MGE-Immature
Na+/Cl- dependent neurotransmitter transporters (Reactome),0.2596740325967403,0.9923018747848972,0.024361426767077064,0.2639762536363218,1.2493091475080307,19,"Dl-Alanine;Leucine;L-Lysine;L-Isoleucine;L-Serine;L-Threonine;Tryptophan;D,L-Serine;Glycine;L-Valine;Γ-Aminobutyric Acid",IN-MGE-Immature
Alanine and aspartate metabolism (WikiPathways),0.26877312268773124,0.9923018747848972,0.023797822928056385,0.3207416482224723,1.2562859011096663,10,Dl-Alanine;Citric Acid;Succinic Acid;Acetyl-L-Carnitine;N-Beta-Alanyl-L-Histidine;Beta-Alanine;Pyruvic Acid;L-Aspartic Acid,IN-MGE-Immature
Late SARS-CoV-2 Infection Events (Reactome),0.27417258274172585,0.9923018747848972,0.023475127066914864,0.3618993491815754,1.2643001274245558,7,D-Glucose;Uridine 5'-Diphosphate,IN-MGE-Immature
Translation of Structural Proteins (Reactome),0.27417258274172585,0.9923018747848972,0.023475127066914864,0.3618993491815754,1.2643001274245558,7,D-Glucose;Uridine 5'-Diphosphate,IN-MGE-Immature
Vitamin B6-dependent and responsive disorders (WikiPathways),0.28147185281471854,0.9923018747848972,0.023051896378126727,0.40111175550575195,1.2579200531727635,5,L-2-Aminoadipic Acid;L-Lysine,IN-MGE-Immature
Vitamin B12 metabolism (WikiPathways),0.2967703229677032,0.9923018747848972,0.02220949194438087,0.3361590990417404,1.2297117695620794,8,"Creatinine;D-Glucose;L-Serine;D,L-Serine",IN-MGE-Immature
Methionine metabolism leading to sulfur amino acids and related disorders (WikiPathways),0.30986901309869014,0.9923018747848972,0.021531555541659444,0.3308732218697264,1.210375373821448,8,Sarcosine;Adenosine;Adenosine Triphosphate (Atp);Glycine;Hypotaurine;Taurine;L-(-)-Methionine,IN-MGE-Immature
Organic cation transport (Reactome),0.3184681531846815,0.9923018747848972,0.021106092813141693,0.38292811446790304,1.2008946322339913,5,Creatinine;Choline;Dl-Carnitine,IN-MGE-Immature
Sphingolipid pathway (WikiPathways),0.3187681231876812,0.9923018747848972,0.02109151504483814,0.38264212646083284,1.199997749896033,5,"D-Erythro-Sphinganine;L-Serine;D,L-Serine",IN-MGE-Immature
"Transport of vitamins, nucleosides, and related molecules (Reactome)",0.33456654334566543,0.9923018747848972,0.02034731892636863,0.2434299868619979,1.1520707077820593,19,Cytosine;D-Pantothenic Acid;Adenosine;Biotin;Adenine,IN-MGE-Immature
Glycerophospholipid biosynthetic pathway (WikiPathways),0.34296570342965704,0.9923018747848972,0.0199693537129219,0.286871287318866,1.1580871344543755,11,"L-Serine;Cytidine 5'-Triphosphate;Adenosine Triphosphate (Atp);D,L-Serine;Choline;Cytidine 5'-Diphosphocholine;Dihydroxyacetone Phosphate",IN-MGE-Immature
Pantothenate and CoA Biosynthesis (KEGG),0.3574642535746425,0.9923018747848972,0.01934311392425888,0.36656322870076324,1.149572980121326,5,D-Pantothenic Acid;Adenosine Triphosphate (Atp);(R)-Pantetheine,IN-MGE-Immature
Modified nucleosides derived from tRNA as urinary cancer markers (WikiPathways),0.35926407359264073,0.9923018747848972,0.019267552140301947,0.3019049016816508,1.1460784637384867,9,1-Methyladenosine;Adenosine;N6-Succinyladenosine; Lc-Tdda; Ce10,IN-MGE-Immature
Serine biosynthesis (Reactome),0.36976302369763026,0.9923018747848972,0.018835764074781724,0.36052994290155593,1.1306520906455835,5,"L-Serine;D,L-Serine;Phosphoserine;Pyruvic Acid",IN-MGE-Immature
Abacavir ADME (Reactome),0.3805619438056194,0.9923018747848972,0.018406807573111583,0.3566505198669847,1.1184858951578087,5,Adenosine;Uridine 5'-Diphosphate,IN-MGE-Immature
Abacavir metabolism (Reactome),0.3805619438056194,0.9923018747848972,0.018406807573111583,0.3566505198669847,1.1184858951578087,5,Adenosine;Uridine 5'-Diphosphate,IN-MGE-Immature
Class C/3 (Metabotropic glutamate/pheromone receptors) (Reactome),0.38146185381461856,0.9923018747848972,0.01837172043948173,0.3194145372570799,1.1158788792205467,7,L-Lysine;L-Ornithine;D-Glucose,IN-MGE-Immature
Glyoxylate metabolism (WikiPathways),0.38616138386161386,0.9923018747848972,0.01819007447164638,0.3024280547292537,1.10631941662882,8,"Dl-Alanine;L-Serine;D,L-Serine;Glycine;Pyruvic Acid;Glycolic Acid",IN-MGE-Immature
Disorders of folate metabolism and transport (WikiPathways),0.3865613438656134,0.9923018747848972,0.018174736567830738,0.3342980709655886,1.1139618870118546,6,"L-Serine;D,L-Serine;Glycine",IN-MGE-Immature
Defective SLC29A3 causes histiocytosis-lymphadenopathy plus syndrome (HLAS) (Reactome),0.38866113388661133,0.9923018747848972,0.018094519761962066,0.35255987851235543,1.1056573013315374,5,Adenosine;Adenine,IN-MGE-Immature
Urea cycle and metabolism of amino groups (WikiPathways),0.3912608739126087,0.9923018747848972,0.017995910584663745,0.28086594844865753,1.1001001369585186,10,Sarcosine;Creatinine;L-Ornithine;N-Acetylglutamic Acid;Phosphocreatine;L-Aspartic Acid;Creatine;Putrescine;L(+)-Ornithine;L-Glutamic Acid,IN-MGE-Immature
Nucleotide salvage defects (Reactome),0.396960303969603,0.9923018747848972,0.017782402705228753,0.3492297668387854,1.095213792269564,5,Adenosine;Adenine,IN-MGE-Immature
Metabolism of folate and pterines (Reactome),0.40485951404859516,0.9923018747848972,0.017492346421216512,0.34605413413108627,1.085254742180171,5,"L-Serine;D,L-Serine;Glycine",IN-MGE-Immature
GABA metabolism (aka GHB) (WikiPathways),0.40505949405059494,0.9923018747848972,0.01748508889982393,0.2766813500000509,1.0837098363476558,10,4-(Acetylamino)Butanoic Acid;Succinic Acid;Dl-Glutamine;Uracil;Γ-Aminobutyric Acid;Beta-Alanine;Glycolic Acid;N-Acetylputrescine,IN-MGE-Immature
Fructose and mannose metabolism (KEGG),0.40805919408059194,0.9923018747848972,0.017376721570643527,0.29418846048052366,1.0761779566684537,8,"D-(-)-Mannitol;D-Glucose;D-Mannitol 1-Phosphate;Adenosine Triphosphate (Atp);Guanosine-5'-Triphosphate;D-Fructose-1,6-Bisphosphate;D-Mannose",IN-MGE-Immature
Sensory perception of taste (Reactome),0.41555844415558446,0.9923018747848972,0.017109774849638913,0.2839382357983651,1.0778741758341732,9,Caprolactam;Citric Acid;D-Glucose,IN-MGE-Immature
"Leucine, isoleucine and valine metabolism (WikiPathways)",0.41605839416058393,0.9923018747848972,0.017092175387631303,0.27296992050552493,1.0691728512920031,10,Leucine;Biotin;L-Isoleucine;Malonic Acid;L-Valine;Beta-Alanine;3-Hydroxybutyric Acid;Ethyl Acetoacetate;Meglutol,IN-MGE-Immature
Cysteine and methionine catabolism (WikiPathways),0.41885811418858115,0.9923018747848972,0.01699406296936286,0.2488443165531502,1.0576466380583487,13,"2-Oxobutanoic Acid;Adenosine;L-Serine;D,L-Serine;Dl-Glutamine;Glycine;Hypotaurine;Pyruvic Acid",IN-MGE-Immature
Branched-chain amino acid catabolism (Reactome),0.42345765423457654,0.9923018747848972,0.01683448870830455,0.3392714426777361,1.0639836538200338,5,Leucine;L-Isoleucine;L-Valine,IN-MGE-Immature
Kennedy pathway from sphingolipids (WikiPathways),0.42525747425257476,0.9923018747848972,0.016772581036692994,0.28886756192801494,1.0567134483647433,8,"L-Serine;D,L-Serine;Choline;Cytidine 5'-Diphosphocholine",IN-MGE-Immature
"Cerebral organic acidurias, including diseases (WikiPathways)",0.4263573642635736,0.9923018747848972,0.01673489421942348,0.3382868932816697,1.0608960244707282,5,L-2-Aminoadipic Acid;Tryptophan;2-Oxoadipic Acid;L-Aspartic Acid,IN-MGE-Immature
Amino acid metabolism pathway excerpt: histidine catabolism extension (WikiPathways),0.42875712428757123,0.9923018747848972,0.016653047690840878,0.3028433206760077,1.057987116545622,7,Dl-Alanine;Citric Acid,IN-MGE-Immature
beta-Alanine metabolism (KEGG),0.43055694430556946,0.9923018747848972,0.0165920003310768,0.27888854034428756,1.0587047381201113,9,D-Pantothenic Acid;Anserine;Uracil;N-Beta-Alanyl-L-Histidine;Beta-Alanine;L-Aspartic Acid;1-Methylhistidine,IN-MGE-Immature
Sialic acid metabolism (Reactome),0.43355664433556645,0.9923018747848972,0.016490887999810355,0.31584446372881936,1.0524700121701265,6,Uridine 5'-Diphosphate;Cytidine 5'-Triphosphate;Pyruvic Acid;N-Acetyl-Neuraminic Acid,IN-MGE-Immature
Biomarkers for urea cycle disorders (WikiPathways),0.45745425457454253,0.9923018747848972,0.01571201044564994,0.26142595978062155,1.0239572854868395,10,L-Ornithine;L-Threonine;N-Acetylglutamic Acid;Beta-Alanine;L-Aspartic Acid;L-Glutamine;Creatine;L-(-)-Methionine;L(+)-Ornithine;L-Glutamic Acid,IN-MGE-Immature
Tryptophan catabolism (Reactome),0.45745425457454253,0.9923018747848972,0.01571201044564994,0.26142595978062155,1.0239572854868395,10,Dl-Alanine;Leucine;L-Isoleucine;Tryptophan;L-Valine;Pyruvic Acid;L-Kynurenine;L-(-)-Methionine;L-Histidine;L-Glutamic Acid,IN-MGE-Immature
Glucuronidation (WikiPathways),0.45785421457854214,0.9923018747848972,0.01569935564263769,0.2699978966297626,1.0249544570440743,9,D-Glucose 6-Phosphate;D-Glucose;Uridine 5'-Diphosphate;Adenosine Triphosphate (Atp),IN-MGE-Immature
NAD biosynthesis II from tryptophan (WikiPathways),0.46065393460653936,0.9923018747848972,0.01561110388400796,0.30604205378600274,1.0198060154990607,6,Dl-Alanine;Tryptophan;Adenosine Triphosphate (Atp),IN-MGE-Immature
MTHFR deficiency (WikiPathways),0.46095390460953906,0.9923018747848972,0.015601682539343523,0.3242753623188406,1.0169546900873205,5,S-Adenosyl-L-Homocysteine;L-(-)-Methionine;Nervonic Ceramide;Cytidine 5'-Diphosphocholine;Choline,IN-MGE-Immature
Acetylcholine synthesis (WikiPathways),0.46815318468153183,0.9923018747848972,0.015377515086476244,0.3030852994555354,1.0099533961767766,6,Dl-Dipalmitoylphosphatidylcholine;Choline;Cytidine 5'-Diphosphocholine;Pyruvic Acid;Acetylcholine;Glycerophosphocholine,IN-MGE-Immature
Cori cycle (WikiPathways),0.49105089491050896,0.9923018747848972,0.014687900236547003,0.2592947801826287,0.9843237445693226,9,"D-Glucose 6-Phosphate;Dl-Alanine;D-Glucose;Dl-Lactic Acid;Pyruvic Acid;Dihydroxyacetone Phosphate;D-Fructose-1,6-Bisphosphate",IN-MGE-Immature
Serine metabolism (WikiPathways),0.49695030496950304,0.9923018747848972,0.01451558327991733,0.2792657080734252,0.9756184173887309,7,"L-Serine;D,L-Serine;Glycine;Phosphoserine;Pyruvic Acid",IN-MGE-Immature
Citric Acid Cycle (KEGG),0.49755024497550243,0.9923018747848972,0.014498175359022822,0.2571200057107503,0.9760679588175022,9,Citric Acid;Biotin;Adenosine Triphosphate (Atp);Succinic Acid;Guanosine-5'-Triphosphate;Pyruvic Acid,IN-MGE-Immature
Krebs cycle disorders (WikiPathways),0.5089491050894911,0.9923018747848972,0.014171345565289012,0.2527299405959332,0.9594025815597096,9,Dl-Alanine;Adenosine Triphosphate (Atp);Succinic Acid;Dl-Lactic Acid;Guanosine-5'-Triphosphate;Pyruvic Acid,IN-MGE-Immature
Transport of nucleosides and free purine and pyrimidine bases across the plasma membrane (Reactome),0.5186481351864813,0.9923018747848972,0.01389887126895774,0.2345318473243167,0.946795050646558,11,Cytosine;Adenosine;Adenine,IN-MGE-Immature
Warburg effect modulated by deubiquitinating enzymes and their substrates (WikiPathways),0.5236476352364764,0.9923018747848972,0.01376033487561772,0.28411664999352715,0.9467452762862486,6,"D-Glucose 6-Phosphate;D-Glucose;Dl-Lactic Acid;Pyruvic Acid;D-Fructose-1,6-Bisphosphate",IN-MGE-Immature
Lactate shuttle in glial cells (WikiPathways),0.5237476252374762,0.9923018747848972,0.013757577039506523,0.26923693192234954,0.9405827562459536,7,D-Glucose 6-Phosphate;Dl-Glutamine;Dl-Lactic Acid;Pyruvic Acid;Glucose 1-Phosphate,IN-MGE-Immature
Sphingolipid metabolism overview (WikiPathways),0.5244475552444755,0.9923018747848972,0.013738286177713825,0.2834213585566624,0.9444283973440641,6,"D-Erythro-Sphinganine;L-Serine;D,L-Serine",IN-MGE-Immature
KEGG:map01100 (KEGG),0.5312468753124687,0.9923018747848972,0.013552144094111226,0.2042279710007739,0.937571698922483,17,1-Aminocyclopropanecarboxylic Acid;D-(-)-Mannitol;2-Furoic Acid;D-Mannitol 1-Phosphate;D-Threonine;Isobutyric Acid;D-(+)-Arabitol;Acrylic Acid;Mesaconic Acid;Maleic Acid,IN-MGE-Immature
Lysine degradation (KEGG),0.5334466553344666,0.9923018747848972,0.013492399386844342,0.2657993583797436,0.9285735479459757,7,L-2-Aminoadipic Acid;L-Lysine,IN-MGE-Immature
Lysine catabolism (Reactome),0.536046395360464,0.9923018747848972,0.013422086112912108,0.26497290974638604,0.9256863387956228,7,L-2-Aminoadipic Acid;L-Lysine,IN-MGE-Immature
Cannabinoid receptor signaling (WikiPathways),0.5378462153784621,0.9923018747848972,0.013373591850717983,0.2791856818832911,0.9303140999859845,6,Adenosine Triphosphate (Atp);2-Arachidonoyl Glycerol;Γ-Aminobutyric Acid;Arachidonic Acid,IN-MGE-Immature
Disorders of fructose metabolism (WikiPathways),0.5387461253874612,0.9923018747848972,0.0133494006158352,0.27893845556850716,0.9294902822135986,6,"D-Glucose 6-Phosphate;Pyruvic Acid;Glucose 1-Phosphate;Dihydroxyacetone Phosphate;D-Fructose-1,6-Bisphosphate",IN-MGE-Immature
Diseases of nucleotide metabolism (Reactome),0.5442455754424558,0.9923018747848972,0.013202361564081737,0.2768871456017411,0.9226548221260645,6,Adenosine;Adenine;2'-Deoxyadenosine;Inosine;Hypoxanthtine,IN-MGE-Immature
Pyrimidine metabolism (WikiPathways),0.5448455154484552,0.9923018747848972,0.0131864025565188,0.22784410395448895,0.9197969163002605,11,Uridine 5'-Diphosphate;Cytidine 5'-Triphosphate;Uracil;Cytidine 5'-Diphosphate;Uridine Monophosphate;Beta-Alanine;L-Glutamine;Uridine,IN-MGE-Immature
Pyrimidine metabolism and related diseases (WikiPathways),0.5503449655034497,0.9923018747848972,0.01304084218047109,0.20399048133315412,0.9188686807212972,16,L-Ornithine;Uridine 5'-Diphosphate;Cytidine 5'-Triphosphate;Uracil;Cytidine 5'-Diphosphate;L-Valine;Uridine Monophosphate;Beta-Alanine;L-Aspartic Acid;L-Glutamine;Uridine;Uridine 5'-Triphosphate Sodium Salt;L(+)-Ornithine;L-Glutamic Acid;Cytidine,IN-MGE-Immature
Metabolism of sphingolipids in ER and Golgi apparatus (WikiPathways),0.5525447455254474,0.9923018747848972,0.012982980624538901,0.27381992126475163,0.9124340900696322,6,"D-Erythro-Sphinganine;L-Serine;D,L-Serine",IN-MGE-Immature
Tyrosine metabolism (KEGG),0.5555444455554445,0.9923018747848972,0.01290440507999165,0.2581818181818182,0.901961571260528,7,S-Adenosyl-L-Homocysteine;L-Glutamic Acid;L-Ascorbic Acid;Ethyl Acetoacetate;L-Aspartic Acid;Maleic Acid;Dehydroascorbic Acid,IN-MGE-Immature
Creatine metabolism (Reactome),0.5635436456354365,0.9923018747848972,0.01269666256826144,0.243406068352228,0.890409653907362,8,Creatinine;L-Ornithine,IN-MGE-Immature
Neurotransmitter release cycle (Reactome),0.5703429657034297,0.9923018747848972,0.012522055799447176,0.20585624310564143,0.8940180652621544,14,Palmitoyl Ethanolamide;Stearoyl Ethanolamide;Succinic Acid;Choline;Γ-Aminobutyric Acid;Palmitic Acid;Arachidonic Acid;Beta-Alanine;L-Glutamine;Oleoyl Ethanolamide;Acetylcholine,IN-MGE-Immature
Arginine and proline metabolism (KEGG),0.5716428357164284,0.9923018747848972,0.012488874688400842,0.20233310260900683,0.8954601038368699,15,Dl-Alanine;L-Ornithine;Adenosine Triphosphate (Atp);Succinic Acid;Glycine;Pyruvic Acid;Phosphocreatine;L-Aspartic Acid;L-Glutamine;D-Proline;Creatine;L(+)-Ornithine;L-Glutamic Acid,IN-MGE-Immature
"Sensory perception of sweet, bitter, and umami (glutamate) taste (Reactome)",0.5734426557344265,0.9923018747848972,0.012443035146675715,0.2404371584699454,0.8795490125163677,8,Caprolactam;D-Glucose;L-Aspartic Acid;D-(+)-Tryptophan;Guanosine 5'-Diphosphate (Gdp);L-Glutamic Acid;Guanosine-5'-Monophosphate,IN-MGE-Immature
Methionine de novo and salvage pathway (WikiPathways),0.5836416358364164,0.9923018747848972,0.012185484352299339,0.21078956686301892,0.8740638052427956,12,Adenosine;L-Ornithine;Adenine;Adenosine Triphosphate (Atp);Choline;Pyruvic Acid;Putrescine;L-(-)-Methionine;L(+)-Ornithine;L-Glutamic Acid,IN-MGE-Immature
Amino Sugar Metabolism (KEGG),0.5893410658934106,0.9923018747848972,0.012043130387185212,0.19495270776898266,0.8781583151331833,16,D-Glucose 6-Phosphate;Udp-N-Acetylglucosamine;Cytidine-5'-Monophospho-N-Acetylneuraminic Acid;D-Glucose;Uridine 5'-Diphosphate;Adenosine Triphosphate (Atp),IN-MGE-Immature
Urea cycle and related diseases (WikiPathways),0.5894410558944105,0.9923018747848972,0.012040642651195704,0.2595281306715064,0.8648103931334075,6,L-Ornithine;N-Acetylglutamic Acid;L-Aspartic Acid;L-Glutamine;L(+)-Ornithine;L-Glutamic Acid,IN-MGE-Immature
Galactose Metabolism (KEGG),0.5961403859614038,0.9923018747848972,0.011874705107638342,0.22018016199848633,0.8624051000413874,10,D-Glucose 6-Phosphate;D-Glucose;Uridine 5'-Diphosphate;Adenosine Triphosphate (Atp),IN-MGE-Immature
Role of carnosine in muscle contraction (WikiPathways),0.5987401259874012,0.9923018747848972,0.011810696172666627,0.25586253592462077,0.8525957463977349,6,Anserine;Γ-Aminobutyric Acid;N-Beta-Alanyl-L-Histidine;Beta-Alanine,IN-MGE-Immature
Metabolism overview (WikiPathways),0.6157384261573843,0.9923018747848972,0.011397160464278674,0.1827064361965739,0.8514605400066138,18,Citric Acid;L-Ornithine;D-Glucose;Succinic Acid;D-Ribose 5-Phosphate;Palmitic Acid;Pyruvic Acid;Glucose 1-Phosphate;L-Aspartic Acid;Dihydroxyacetone Phosphate;3-Hydroxybutyric Acid;L-Glutamine;Ethyl Acetoacetate,IN-MGE-Immature
TCA cycle (aka Krebs or citric acid cycle) (WikiPathways),0.6161383861613838,0.9923018747848972,0.011387529382470358,0.23769992431751302,0.8304078061567813,7,Citric Acid;Adenosine Triphosphate (Atp);Succinic Acid;Guanosine-5'-Triphosphate,IN-MGE-Immature
Glycosphingolipid metabolism (Reactome),0.6282371762823717,0.9923018747848972,0.011098189217999856,0.24383753830198082,0.8125255509451027,6,D-Glucose;Uridine 5'-Diphosphate,IN-MGE-Immature
Phenylalanine and Tyrosine Metabolism (KEGG),0.6323367663233677,0.9923018747848972,0.011000989101496082,0.2590579710144928,0.8124274898462953,5,L-Glutamic Acid;Ethyl Acetoacetate;L-Glutamine;Phenylacetylglutamine;Adenosine Triphosphate (Atp),IN-MGE-Immature
Glycine metabolism (WikiPathways),0.6382361763823617,0.9923018747848972,0.01086181872467769,0.23992904080568112,0.7995014936007595,6,"L-Serine;D,L-Serine;Glycine;Pyruvic Acid",IN-MGE-Immature
KEGG:map01120 (KEGG),0.6518348165183482,0.9923018747848972,0.010543971647399127,0.2080747025016365,0.7898842783194598,9,"6-Aminocaproic Acid;D-Gluconic Acid;2,6-Dihydroxypyridine Hcl;Cyclohexylamine;Maleic Acid;Mesaconic Acid;Acrylic Acid;Isobutyric Acid",IN-MGE-Immature
Nitrogen metabolism (KEGG),0.6548345165483451,0.9923018747848972,0.010474375971352827,0.1923821085408569,0.7977351078344809,12,"Biotin;L-Serine;Adenosine Triphosphate (Atp);D,L-Serine;Glycine;Pyruvic Acid;L-Aspartic Acid;L-Glutamine;Asparagine;L-Histidine;L-Glutamic Acid",IN-MGE-Immature
Pyrimidine catabolism (Reactome),0.657034296570343,0.9923018747848972,0.010423451049092853,0.206363968085511,0.7833900615625384,9,Dl-Alanine;Uracil;Uridine Monophosphate;Beta-Alanine;Pyruvic Acid,IN-MGE-Immature
Thermogenesis (WikiPathways),0.6644335566443356,0.9923018747848972,0.010252824043963988,0.24505752953971421,0.7685209330260151,5,Adenosine 3'5'-Cyclic Monophosphate;Adenosine 5'-Diphosphate;Dl-Carnitine;2-Arachidonoyl Glycerol;Adenosine Triphosphate (Atp),IN-MGE-Immature
Deadenylation-dependent mRNA decay (Reactome),0.6779322067793221,0.9923018747848972,0.00994397928437202,0.23913043478260865,0.7499330675504262,5,5'-Cytidylic Acid;Guanosine-5'-Monophosphate;Uridine 5'-Triphosphate Sodium Salt;7-Methylguanosine,IN-MGE-Immature
Glucose homeostasis (WikiPathways),0.6937306269373062,0.9923018747848972,0.009585961521579586,0.1740925644960653,0.7560708159209276,14,L-Lysine;L-Ornithine;L-Isoleucine;D-Glucose,IN-MGE-Immature
Synthesis of PC (Reactome),0.6958304169583042,0.9923018747848972,0.009538618296361847,0.2107784680993482,0.7363573454304672,7,5'-Cytidylic Acid;S-Adenosyl-L-Homocysteine;Adenosine 5'-Diphosphate;Acetylcholine;Cytidine 5'-Diphosphocholine;Choline;Cytidine 5'-Triphosphate,IN-MGE-Immature
Purine metabolism and related disorders (WikiPathways),0.6962303769623037,0.9923018747848972,0.009529606363094406,0.15941081571438265,0.7747361226188578,21,Adenosine;N6-Succinyladenosine; Lc-Tdda; Ce10;Adenine;Adenosine Triphosphate (Atp);D-Ribose 5-Phosphate;5'-Xanthylic Acid;2'-Deoxyadenosine;L-Aspartic Acid;L-Glutamine;Inosine;Xanthine;Hypoxanthtine;Xanthosine;L-(-)-Methionine;Guanosine 5'-Diphosphate (Gdp);Uric Acid;L-Glutamic Acid;Guanosine-5'-Monophosphate,IN-MGE-Immature
Purinergic signaling (WikiPathways),0.6965303469653035,0.9923018747848972,0.009522848616823194,0.19391041885520433,0.7361144310892987,9,N-Methyl-D-Glucamine;Adenosine 3'5'-Cyclic Monophosphate;Udp-Β-D-Glucose (Sodium Salt);Adenosine 5'-Diphosphate;L-Glutathione (Reduced),IN-MGE-Immature
Peptide hormone metabolism (Reactome),0.696930306969303,0.9923018747848972,0.00951383988322284,0.1901117789359404,0.7446327872781877,10,L-Lysine;Palmitoleic Acid;D-Glucose,IN-MGE-Immature
Purine salvage (Reactome),0.7055294470552945,0.9923018747848972,0.009320569142738756,0.19046751980038576,0.7230446450819357,9,Adenosine;Adenine,IN-MGE-Immature
Sulfur amino acid metabolism (Reactome),0.7065293470652935,0.9923018747848972,0.009298144335936466,0.17106949532686377,0.7429418555890505,14,2-Oxobutanoic Acid;Adenosine;Adenine,IN-MGE-Immature
Urea cycle and associated pathways (WikiPathways),0.708029197080292,0.9923018747848972,0.009264524693851563,0.17374342680527233,0.7384502639668858,13,Dl-Alanine;L-Ornithine;N-Acetylglutamic Acid;Uracil;Uridine Monophosphate;Pyruvic Acid;L-Aspartic Acid;L-Glutamine;Uridine;L(+)-Ornithine;L-Glutamic Acid;L-Malic Acid,IN-MGE-Immature
Glycogen metabolism (Reactome),0.7139286071392861,0.9923018747848972,0.009132479605192555,0.21097181783463104,0.7030090350882652,6,D-Glucose;Uridine 5'-Diphosphate;Uridine Monophosphate;Glucose 1-Phosphate,IN-MGE-Immature
Phospholipid Biosynthesis (KEGG),0.7251274872512748,0.9923018747848972,0.008882539048324582,0.20061407162072964,0.7008478928929787,7,Dl-Dipalmitoylphosphatidylcholine;Triethanolamine;Choline;Cytidine 5'-Diphosphocholine,IN-MGE-Immature
Citric acid cycle (TCA cycle) (Reactome),0.7258274172582742,0.9923018747848972,0.008866944001806291,0.20018471117026626,0.6993479165225885,7,S-Adenosyl-L-Homocysteine;Nicotinamide;Adenosine 5'-Diphosphate;L-Malic Acid;Guanosine 5'-Diphosphate (Gdp),IN-MGE-Immature
Creatine pathway (WikiPathways),0.7343265673432656,0.9923018747848972,0.008677765474585698,0.20297163774742397,0.6763505034352446,6,Creatinine;Glycine;Phosphocreatine;Creatine;Adenosine 5'-Diphosphate;S-Adenosyl-L-Homocysteine,IN-MGE-Immature
Biomarkers for pyrimidine metabolism disorders (WikiPathways),0.7405259474052595,0.9923018747848972,0.008539946875196663,0.16206261510128916,0.7038256572564894,14,Cytosine;Uridine 5'-Diphosphate;Cytidine 5'-Triphosphate;Uracil;Cytidine 5'-Diphosphate;Uridine Monophosphate;Beta-Alanine;Phosphocreatine;Uridine;Creatine;Uridine 5'-Triphosphate Sodium Salt;Cytidine;L-Glutathione (Reduced),IN-MGE-Immature
Biogenic amine synthesis (WikiPathways),0.7512248775122488,0.9923018747848972,0.008302265671307088,0.19090909090909092,0.6669434153687003,7,Histamine;L-Glutamic Acid;L-Histidine;Acetylcholine;Γ-Aminobutyric Acid;Choline;Tryptophan,IN-MGE-Immature
Phosphate bond hydrolysis by NTPDase proteins (Reactome),0.7613238676132387,0.9923018747848972,0.008077885902333838,0.16867852517555987,0.6606826839370862,10,5'-Cytidylic Acid;Inosine-5'-Monophosphate (Imp);Adenosine 5'-Diphosphate;Guanosine-5'-Monophosphate;Uridine 5'-Triphosphate Sodium Salt;Guanosine 5'-Diphosphate (Gdp);Uridine Monophosphate;Cytidine 5'-Diphosphate;Cytidine 5'-Triphosphate;Uridine 5'-Diphosphate,IN-MGE-Immature
Glycolysis (Reactome),0.7715228477152285,0.9923018747848972,0.00785099580942404,0.1819869649540401,0.6357738512139743,7,"Citric Acid;D-Glucose;Pyruvic Acid;Dihydroxyacetone Phosphate;D-Fructose-1,6-Bisphosphate",IN-MGE-Immature
Nucleotide catabolism (Reactome),0.7787221277872213,0.9923018747848972,0.007690513843911696,0.13533834586466165,0.6892109900297317,25,Dl-Alanine;Adenosine;Uridine 5'-Diphosphate;Cytidine 5'-Triphosphate;D-Ribose 5-Phosphate;5'-Xanthylic Acid;Uracil;Cytidine 5'-Diphosphate;Uridine Monophosphate;2'-Deoxyadenosine;Beta-Alanine;Pyruvic Acid;Inosine;Xanthine;Uridine;Hypoxanthtine;Guanosine 5'-Diphosphate (Gdp);Uridine 5'-Triphosphate Sodium Salt;Uric Acid;Guanosine-5'-Monophosphate;Cytidine;Adenosine 5'-Diphosphate;Guanine,IN-MGE-Immature
Aspirin ADME (Reactome),0.7846215378462154,0.9923018747848972,0.007558724928346619,0.17724542506186047,0.6192092193531318,7,L-(+)-Lactic Acid;Adenosine 5'-Diphosphate;Ethyl Acetoacetate;3-Hydroxybutyric Acid;Pyruvic Acid;Glycine;Uridine 5'-Diphosphate,IN-MGE-Immature
Glutamate and glutamine metabolism (Reactome),0.787921207879212,0.9923018747848972,0.007484877302872754,0.15975215616350713,0.6257197422670796,10,N-Acetyl-1-Aspartylglutamic Acid;N-Acetyl-L-Aspartic Acid;Adenosine 5'-Diphosphate;L-Glutamic Acid;L(+)-Ornithine;L-Glutamine;L-Aspartic Acid;Pyruvic Acid,IN-MGE-Immature
Amino acid metabolism in triple-negative breast cancer cells (WikiPathways),0.791020897910209,0.9923018747848972,0.007415404681230576,0.1624087591240876,0.6165291789494687,9,"Citric Acid;L-Serine;D,L-Serine;Phosphoserine;Pyruvic Acid;L-Glutamine;L-Glutamic Acid;L-Malic Acid;L-Glutathione (Reduced)",IN-MGE-Immature
Degradation of cysteine and homocysteine (Reactome),0.791020897910209,0.9923018747848972,0.007415404681230576,0.1624087591240876,0.6165291789494687,9,"2-Oxobutanoic Acid;L-Serine;D,L-Serine;Hypotaurine;Pyruvic Acid;Taurine;L-Glutamic Acid;L-Malic Acid;L-Glutathione (Reduced)",IN-MGE-Immature
Metabolic disorders of biological oxidation enzymes (Reactome),0.7967203279672033,0.9923018747848972,0.007287378624758407,0.16058394160583944,0.6096018848039692,9,S-Adenosyl-L-Homocysteine;L-Glutathione (Reduced);Progesterone;L-Glutamic Acid;L-(-)-Methionine;Vitamin D3;L-Pyroglutamic Acid;Arachidonic Acid;Glycine,IN-MGE-Immature
Nucleotide biosynthesis (Reactome),0.7984201579842016,0.9923018747848972,0.0072491165521357415,0.15314673909434817,0.6182468447309879,11,"Inosine-5'-Monophosphate (Imp);Adenosine 5'-Diphosphate;Guanosine-5'-Monophosphate;L-Glutamic Acid;Guanosine 5'-Diphosphate (Gdp);D-Fructose-1,6-Bisphosphate;L-Glutamine;L-Aspartic Acid;Uridine Monophosphate;5'-Xanthylic Acid;Glycine",IN-MGE-Immature
Synthesis of substrates in N-glycan biosythesis (Reactome),0.7989201079892011,0.9923018747848972,0.00723785562552349,0.14372596441423235,0.6360840878673586,15,5'-Cytidylic Acid;Adenosine 5'-Diphosphate;N-Acetyl-D-Glucosamine 6-Phosphate;L-Glutamic Acid;Uridine 5'-Triphosphate Sodium Salt;Guanosine 5'-Diphosphate (Gdp);D-Mannose;L-Glutamine;N-Acetyl-Neuraminic Acid;Glucose 1-Phosphate;Pyruvic Acid;Uridine Monophosphate;Cytidine 5'-Diphosphate;Cytidine 5'-Triphosphate;Uridine 5'-Diphosphate,IN-MGE-Immature
Carnosine metabolism of glial cells (WikiPathways),0.8005199480051994,0.9923018747848972,0.007201797409348654,0.18401488324440524,0.5770860827140797,5,Adenosine 5'-Diphosphate;L-Histidine;Beta-Alanine;N-Beta-Alanyl-L-Histidine;Dl-Lactic Acid,IN-MGE-Immature
Cell recruitment (pro-inflammatory response) (Reactome),0.8055194480551945,0.9923018747848972,0.007088873606472917,0.16862464731636922,0.5890924191246382,7,5'-Cytidylic Acid;Adenosine 5'-Diphosphate;Guanosine-5'-Monophosphate;Guanosine 5'-Diphosphate (Gdp);Uridine Monophosphate;Cytidine 5'-Diphosphate;Uridine 5'-Diphosphate,IN-MGE-Immature
Organic cation/anion/zwitterion transport (Reactome),0.8055194480551945,0.9923018747848972,0.007088873606472917,0.16841124786263487,0.5883469053314831,7,Creatinine;Choline;Dl-Carnitine;Uric Acid;Histamine;L-(+)-Lactic Acid;L-Ergothioneine,IN-MGE-Immature
Purinergic signaling in leishmaniasis infection (Reactome),0.8055194480551945,0.9923018747848972,0.007088873606472917,0.16862464731636922,0.5890924191246382,7,5'-Cytidylic Acid;Adenosine 5'-Diphosphate;Guanosine-5'-Monophosphate;Guanosine 5'-Diphosphate (Gdp);Uridine Monophosphate;Cytidine 5'-Diphosphate;Uridine 5'-Diphosphate,IN-MGE-Immature
Metabolic pathways of fibroblasts (WikiPathways),0.8075192480751925,0.9923018747848972,0.007043594365448894,0.14435664705462725,0.6135495660640972,13,"D-Glucose 6-Phosphate;D-Glucose;L-Serine;D,L-Serine;Glycine",IN-MGE-Immature
Phenylalanine and tyrosine metabolism (Reactome),0.8214178582141786,0.9923018747848972,0.006726882494872855,0.16181818181818186,0.5653139425506127,7,L-Glutathione (Reduced);L-Glutamic Acid;L-Ascorbic Acid;Ethyl Acetoacetate;L-Aspartic Acid;Pyruvic Acid,IN-MGE-Immature
Purine metabolism (WikiPathways),0.823917608239176,0.9923018747848972,0.006669494674995983,0.1349353049907579,0.6078118197931431,16,Adenosine;N6-Succinyladenosine; Lc-Tdda; Ce10;Adenine;D-Ribose 5-Phosphate;5'-Xanthylic Acid;2'-Deoxyadenosine;Inosine;Xanthine;Hypoxanthtine;Xanthosine;Guanosine 5'-Diphosphate (Gdp);Uric Acid;Guanosine-5'-Monophosphate;Adenosine 5'-Diphosphate;Guanine,IN-MGE-Immature
Interconversion of nucleotide di- and triphosphates (Reactome),0.8264173582641736,0.9923018747848972,0.006611960487748628,0.14128440366972472,0.5858524467355136,12,5'-Cytidylic Acid;Adenosine 5'-Diphosphate;L-Glutathione (Reduced);Guanosine-5'-Monophosphate;L-Glutamic Acid;Uridine 5'-Triphosphate Sodium Salt;Guanosine 5'-Diphosphate (Gdp);L-Glutamine;Uridine Monophosphate;Cytidine 5'-Diphosphate;Cytidine 5'-Triphosphate;Uridine 5'-Diphosphate,IN-MGE-Immature
Organic anion transporters (Reactome),0.8268173182681732,0.9923018747848972,0.006602740965920215,0.16232405638968195,0.5409029482012238,6,L-(+)-Lactic Acid;L-Malic Acid;L-Glutamic Acid;N-Acetyl-Neuraminic Acid;Pyruvic Acid,IN-MGE-Immature
Urea cycle (Reactome),0.8334166583341666,0.9923018747848972,0.006450025094086448,0.1596015399061068,0.531830865940311,6,Adenosine 5'-Diphosphate;L-Glutamic Acid;L(+)-Ornithine,IN-MGE-Immature
Phosphatidylcholine catabolism (WikiPathways),0.8335166483351665,0.9923018747848972,0.006447702225297653,0.15954978185111968,0.5316583956043771,6,Adenosine 5'-Diphosphate;Glycerophosphocholine;Acetylcholine;Arachidonic Acid;Choline;Adenosine Triphosphate (Atp),IN-MGE-Immature
Nucleotide salvage (Reactome),0.8351164883511649,0.9923018747848972,0.006410497959807207,0.1328413284132841,0.5879122506447044,15,5'-Cytidylic Acid;Inosine-5'-Monophosphate (Imp);Guanine;Adenosine 5'-Diphosphate;Cytidine;Guanosine-5'-Monophosphate;Hypoxanthtine;Uridine;Inosine;Pseudouridine;2'-Deoxyadenosine;Uridine Monophosphate;Uracil,IN-MGE-Immature
15q25 copy number variation (WikiPathways),0.8363163683631637,0.9923018747848972,0.0063825465405060195,0.1666083980728913,0.5224978876488574,5,Adenosine 3'5'-Cyclic Monophosphate;Adenosine 5'-Diphosphate;Cytidine;Uridine,IN-MGE-Immature
"Gamma-glutamyl cycle for the biosynthesis and degradation of glutathione, including diseases (WikiPathways)",0.8367163283671633,0.9923018747848972,0.006373220039917114,0.16548315399930164,0.5189690280094845,5,Adenosine 5'-Diphosphate;L-Glutathione (Reduced);Dl-Pyroglutamic Acid;Glycine;Adenosine Triphosphate (Atp),IN-MGE-Immature
Purine ribonucleoside monophosphate biosynthesis (Reactome),0.8411158884111589,0.9923018747848972,0.00627030844922512,0.14208959328567927,0.5565387399125389,10,"Inosine-5'-Monophosphate (Imp);Adenosine 5'-Diphosphate;Guanosine-5'-Monophosphate;L-Glutamic Acid;Guanosine 5'-Diphosphate (Gdp);D-Fructose-1,6-Bisphosphate;L-Glutamine;L-Aspartic Acid;5'-Xanthylic Acid;Glycine",IN-MGE-Immature
Histidine metabolism (KEGG),0.8435156484351565,0.9923018747848972,0.006213916846037798,0.14076782449725778,0.5513616152621444,10,Anserine;Adenosine Triphosphate (Atp);N-Beta-Alanyl-L-Histidine;Beta-Alanine;1-Methylhistidine;L-Histidine;L-Glutamic Acid;Histamine;Adenosine 5'-Diphosphate,IN-MGE-Immature
Glycolysis and gluconeogenesis (WikiPathways),0.8476152384761524,0.9923018747848972,0.006117132414336812,0.13994899528411706,0.5312683849237216,9,"L-(+)-Lactic Acid;D-(+)-Glucose;L-Malic Acid;D-Fructose-1,6-Bisphosphate;Dihydroxyacetone Phosphate;L-Aspartic Acid;Pyruvic Acid",IN-MGE-Immature
Purine catabolism (Reactome),0.8497150284971503,0.9923018747848972,0.006067329555333514,0.13394495412844032,0.5554185533986039,12,Inosine-5'-Monophosphate (Imp);Guanine;Adenosine 5'-Diphosphate;Guanosine-5'-Monophosphate;Uric Acid;Hypoxanthtine;Xanthine;Inosine;2'-Deoxyadenosine;5'-Xanthylic Acid;D-Ribose 5-Phosphate,IN-MGE-Immature
Gluconeogenesis (Reactome),0.8536146385361464,0.9923018747848972,0.0059744000135256055,0.14207650273224048,0.5197335073960355,8,"Adenosine 5'-Diphosphate;L-Malic Acid;L-Glutamic Acid;Guanosine 5'-Diphosphate (Gdp);D-Fructose-1,6-Bisphosphate;Dihydroxyacetone Phosphate;Pyruvic Acid",IN-MGE-Immature
"Trans-sulfuration, one-carbon metabolism and related pathways (WikiPathways)",0.8564143585641436,0.9923018747848972,0.005907311798824568,0.11752264048131023,0.5856666255373467,23,"Sarcosine;2-Oxobutanoic Acid;L-Ornithine;L-Serine;D,L-Serine;Glycine;Phosphoserine;Cytidine 2'_3'-Cyclic Phosphate;Choline;Cytidine 5'-Diphosphocholine;Hypotaurine",IN-MGE-Immature
Histidine catabolism (Reactome),0.859014098590141,0.9923018747848972,0.005844724118100981,0.14025500910746813,0.5130702573012145,8,S-Adenosyl-L-Homocysteine;Adenosine 5'-Diphosphate;Histamine;L-Glutamic Acid;L-Histidine,IN-MGE-Immature
Trans-sulfuration pathway (WikiPathways),0.859014098590141,0.9923018747848972,0.005844724118100981,0.14025500910746813,0.5130702573012145,8,S-Adenosyl-L-Homocysteine;Adenosine 5'-Diphosphate;L-Glutathione (Reduced);L-Glutamic Acid;L-(-)-Methionine;Taurine;Pyruvic Acid,IN-MGE-Immature
Glutathione metabolism (KEGG),0.8597140285971403,0.9923018747848972,0.005827823958016022,0.13983369877958501,0.5115290517520777,8,L-Glutathione Oxidized;Adenosine 5'-Diphosphate;L-Glutathione (Reduced);L-Glutamic Acid,IN-MGE-Immature
Paracetamol ADME (Reactome),0.8612138786121388,0.9923018747848972,0.00579153648784322,0.15157854356039097,0.47536300534229237,5,Adenosine 5'-Diphosphate;L-Glutathione (Reduced);L-Glutamic Acid,IN-MGE-Immature
16p11.2 proximal deletion syndrome (WikiPathways),0.8617138286171383,0.9923018747848972,0.005779418253158068,0.1336787157119016,0.5235948831653563,10,"5'-Cytidylic Acid;D-Sphingosine;1-Palmitoyl-Sn-Glycero-3-Phosphocholine;Glycerophosphocholine;D-Fructose-1,6-Bisphosphate;Oleoyl Ethanolamide;Dihydroxyacetone Phosphate;Palmitic Acid;Choline",IN-MGE-Immature
Nicotinate and nicotinamide metabolism (KEGG),0.8625137486251375,0.9923018747848972,0.005760005399810294,0.13843351548269578,0.5064070072063933,8,"S-Adenosyl-L-Homocysteine;Nicotinamide;Adenosine 5'-Diphosphate;L-Glutamic Acid;2,6-Dihydroxypyridine Hcl;L-Glutamine;Maleic Acid",IN-MGE-Immature
Pyrimidine salvage (Reactome),0.8644135586441356,0.9923018747848972,0.0057137809489446216,0.14,0.4890918379370469,7,5'-Cytidylic Acid;Adenosine 5'-Diphosphate;Cytidine;Uridine;Pseudouridine;Uridine Monophosphate;Uracil,IN-MGE-Immature
Aerobic glycolysis - augmented (WikiPathways),0.8674132586741325,0.9923018747848972,0.0056404430364658175,0.12714036515883964,0.52720252251816,12,"L-(+)-Lactic Acid;Adenosine 5'-Diphosphate;D-(+)-Glucose;Creatine;D-Fructose-1,6-Bisphosphate;Dihydroxyacetone Phosphate;Phosphocreatine;Pyruvic Acid;D,L-Serine;Adenosine Triphosphate (Atp);L-Serine;D-Glucose",IN-MGE-Immature
Primary bile acid biosynthesis (KEGG),0.8679132086791321,0.9923018747848972,0.005628176860459492,0.14156079854809434,0.47171475989094935,6,Adenosine 5'-Diphosphate;Lithocholic Acid;Taurine;Palmitic Acid;Glycine;Adenosine Triphosphate (Atp),IN-MGE-Immature
Azathioprine ADME (Reactome),0.8716128387161284,0.9923018747848972,0.005537007679548285,0.13974591651542645,0.46566713476414223,6,S-Adenosyl-L-Homocysteine;Adenosine 5'-Diphosphate;L-Glutathione (Reduced);L-Glutamic Acid;Guanosine 5'-Diphosphate (Gdp);L-Glutamine,IN-MGE-Immature
Glutathione conjugation (Reactome),0.8775122487751225,0.9923018747848972,0.0053900871890911,0.14130434782608692,0.44314226718888816,5,Adenosine 5'-Diphosphate;L-Glutathione (Reduced);L-Glutamic Acid;L-Pyroglutamic Acid;Glycine,IN-MGE-Immature
Glutathione synthesis and recycling (Reactome),0.8775122487751225,0.9923018747848972,0.0053900871890911,0.14130434782608692,0.44314226718888816,5,Adenosine 5'-Diphosphate;L-Glutathione (Reduced);L-Glutamic Acid;L-Pyroglutamic Acid;Glycine,IN-MGE-Immature
Pyrimidine biosynthesis (Reactome),0.8775122487751225,0.9923018747848972,0.0053900871890911,0.14130434782608692,0.44314226718888816,5,Adenosine 5'-Diphosphate;L-Glutamic Acid;L-Glutamine;L-Aspartic Acid;Uridine Monophosphate,IN-MGE-Immature
Synthesis of Leukotrienes (LT) and Eoxins (EX) (Reactome),0.8775122487751225,0.9923018747848972,0.0053900871890911,0.14130434782608692,0.44314226718888816,5,Adenosine 5'-Diphosphate;L-Glutathione (Reduced);L-Glutamic Acid;Arachidonic Acid;Glycine,IN-MGE-Immature
Synthesis of UDP-N-acetyl-glucosamine (Reactome),0.8775122487751225,0.9923018747848972,0.0053900871890911,0.14130434782608692,0.44314226718888816,5,Adenosine 5'-Diphosphate;N-Acetyl-D-Glucosamine 6-Phosphate;L-Glutamic Acid;Uridine 5'-Triphosphate Sodium Salt;L-Glutamine,IN-MGE-Immature
TP53 Regulates Metabolic Genes (Reactome),0.8775122487751225,0.9923018747848972,0.0053900871890911,0.14130434782608692,0.44314226718888816,5,Adenosine 5'-Diphosphate;L-Glutathione (Reduced);L-Glutamic Acid;Guanosine 5'-Diphosphate (Gdp);L-Glutamine,IN-MGE-Immature
Pyruvate metabolism (Reactome),0.8788121187881212,0.9923018747848972,0.005357443660253441,0.12702829425873338,0.49754640846818377,10,Nicotinamide;L-(+)-Lactic Acid;Adenosine 3'5'-Cyclic Monophosphate;Adenosine 5'-Diphosphate;L-Glutathione (Reduced);L-Malic Acid;L-Glutamic Acid,IN-MGE-Immature
Maternal to zygotic transition (MZT) (Reactome),0.8809119088091191,0.9923018747848972,0.005304493627810596,0.13949275362318836,0.4374609560710819,5,S-Adenosyl-L-Homocysteine;Adenosine 5'-Diphosphate;Uridine 5'-Triphosphate Sodium Salt;5-Methylcytosine;Succinic Acid,IN-MGE-Immature
Mitochondrial biogenesis (Reactome),0.8809119088091191,0.9923018747848972,0.005304493627810596,0.13949275362318836,0.4374609560710819,5,Nicotinamide;Adenosine 5'-Diphosphate;Linoleic Acid;Arachidonic Acid;Palmitic Acid,IN-MGE-Immature
The phototransduction cascade (Reactome),0.8809119088091191,0.9923018747848972,0.005304493627810596,0.13949275362318836,0.4374609560710819,5,S-Adenosyl-L-Homocysteine;Adenosine 5'-Diphosphate;Guanosine-5'-Monophosphate;Guanosine 5'-Diphosphate (Gdp);L-(-)-Methionine,IN-MGE-Immature
Transcriptional activation of mitochondrial biogenesis (Reactome),0.8809119088091191,0.9923018747848972,0.005304493627810596,0.13949275362318836,0.4374609560710819,5,Nicotinamide;Adenosine 5'-Diphosphate;Linoleic Acid;Arachidonic Acid;Palmitic Acid,IN-MGE-Immature
HIF1A and PPARG in cardiac hypertropthy (WikiPathways),0.8934106589341065,0.9923018747848972,0.0049831866801310085,0.1271790867952286,0.42379142393986635,6,"L-(+)-Lactic Acid;D-(+)-Glucose;D-Fructose-1,6-Bisphosphate;Dihydroxyacetone Phosphate;Pyruvic Acid",IN-MGE-Immature
"Incretin synthesis, secretion, and inactivation (Reactome)",0.9013098690130987,0.9923018747848972,0.00477392427726493,0.11678832116788318,0.44334682531197733,9,"Myristic Acid;7(Z),10(Z),13(Z),16(Z)-Docosatetraenoic Acid;Docosahexaenoic Acid;8z,11z,14z-Eicosatrienoic Acid;Acetylcholine;Oleoyl Ethanolamide",IN-MGE-Immature
"Synthesis, secretion, and inactivation of Glucagon-like Peptide-1 (GLP-1) (Reactome)",0.9013098690130987,0.9923018747848972,0.00477392427726493,0.11678832116788318,0.44334682531197733,9,"Myristic Acid;7(Z),10(Z),13(Z),16(Z)-Docosatetraenoic Acid;Docosahexaenoic Acid;8z,11z,14z-Eicosatrienoic Acid;Acetylcholine;Oleoyl Ethanolamide",IN-MGE-Immature
Synthesis of wybutosine at G37 of tRNA(Phe) (Reactome),0.9041095890410958,0.9923018747848972,0.004698429790847423,0.12545191223822527,0.3934277017494946,5,S-Adenosyl-L-Homocysteine;5'-S-Methyl-5'-Thioadenosine;L-(-)-Methionine;Pyruvic Acid;Succinic Acid,IN-MGE-Immature
Glucose metabolism (Reactome),0.9088091190880911,0.9923018747848972,0.004569987315642953,0.11151736745886653,0.4367929679349455,10,"Adenosine 3'5'-Cyclic Monophosphate;Adenosine 5'-Diphosphate;L-Malic Acid;L-Glutamic Acid;Guanosine 5'-Diphosphate (Gdp);D-Fructose-1,6-Bisphosphate;Dihydroxyacetone Phosphate;Pyruvic Acid",IN-MGE-Immature
Free fatty acid receptors (Reactome),0.9126087391260874,0.9923018747848972,0.004464442856678835,0.11615245009074415,0.387048008115651,6,"Myristic Acid;7(Z),10(Z),13(Z),16(Z)-Docosatetraenoic Acid;Docosahexaenoic Acid;8z,11z,14z-Eicosatrienoic Acid",IN-MGE-Immature
Orexin receptor pathway (WikiPathways),0.9204079592040796,0.9923018747848972,0.004242483032970799,0.11090909090909096,0.3874623651189594,7,Adenosine 3'5'-Cyclic Monophosphate;D-(+)-Glucose;Progesterone;L-Glutamic Acid,IN-MGE-Immature
Regulation of insulin secretion (Reactome),0.9212078792120788,0.9923018747848972,0.004219277013355942,0.1107078039927405,0.3689051327352298,6,Adenosine 3'5'-Cyclic Monophosphate;Adenosine 5'-Diphosphate;Guanosine 5'-Diphosphate (Gdp);Acetylcholine,IN-MGE-Immature
Activation of NMDA receptors and postsynaptic events (Reactome),0.9242075792420757,0.9923018747848972,0.004131460020090211,0.11050724637681164,0.346559978186182,5,Adenosine 3'5'-Cyclic Monophosphate;Adenosine 5'-Diphosphate;L-Glutamic Acid;Guanosine 5'-Diphosphate (Gdp),IN-MGE-Immature
Glycogen synthesis and degradation (WikiPathways),0.9242075792420757,0.9923018747848972,0.004131460020090211,0.11050724637681164,0.346559978186182,5,Adenosine 3'5'-Cyclic Monophosphate;Udp-Β-D-Glucose (Sodium Salt);D-(+)-Glucose,IN-MGE-Immature
Post NMDA receptor activation events (Reactome),0.9242075792420757,0.9923018747848972,0.004131460020090211,0.11050724637681164,0.346559978186182,5,Adenosine 3'5'-Cyclic Monophosphate;Adenosine 5'-Diphosphate;L-Glutamic Acid;Guanosine 5'-Diphosphate (Gdp),IN-MGE-Immature
Sphingolipid metabolism: integrated pathway (WikiPathways),0.9258074192580742,0.9923018747848972,0.0040840901364687055,0.10372937195975696,0.39377300135906246,9,N-Nervonoyl-D-Erythro-Sphingosylphosphorylcholine;D-Sphingosine;O-Phosphocolamine;Adenosine 5'-Diphosphate;Palmitoyl Sphingomyelin,IN-MGE-Immature
"Alanine, aspartate and glutamate metabolism (KEGG)",0.9372062793720628,0.9923639215025867,0.003734356526923207,0.0898876404494382,0.44794935549383663,23,Inosine-5'-Monophosphate (Imp);N-Acetyl-L-Aspartic Acid;L-Glutathione Oxidized;Adenosine 5'-Diphosphate;L-Glutathione (Reduced);N-Acetyl-D-Glucosamine 6-Phosphate;Guanosine-5'-Monophosphate;L-Glutamic Acid;Guanosine 5'-Diphosphate (Gdp);Asparagine;L-Glutamine;L-Aspartic Acid;Pyruvic Acid;Beta-Alanine;Guanosine-5'-Triphosphate;Γ-Aminobutyric Acid;5'-Xanthylic Acid;Malonic Acid;Glycine;Succinic Acid;Adenosine Triphosphate (Atp),IN-MGE-Immature
Arachidonic Acid Metabolism (KEGG),0.9443055694430557,0.9923639215025867,0.0035036828434772075,0.09437386569872963,0.3144765065939665,6,L-Glutathione Oxidized;1-Myristoyl-Sn-Glycero-3-Phosphocholine;L-Glutathione (Reduced);L-Glutamic Acid,IN-MGE-Immature
Aerobic glycolysis (WikiPathways),0.946905309469053,0.9923639215025867,0.0034162324815229725,0.09106302526370369,0.33311986573595864,8,"L-(+)-Lactic Acid;Adenosine 5'-Diphosphate;D-(+)-Glucose;D-Fructose-1,6-Bisphosphate;Dihydroxyacetone Phosphate;Pyruvic Acid;Adenosine Triphosphate (Atp);D-Glucose",IN-MGE-Immature
Pyruvate metabolism (KEGG),0.95000499950005,0.9923639215025867,0.0033095995764990485,0.08759124087591241,0.33251011898398314,9,L-(+)-Lactic Acid;Adenosine 5'-Diphosphate;L-Glutathione (Reduced);L-Malic Acid;Guanosine 5'-Diphosphate (Gdp),IN-MGE-Immature
Nicotinamide salvaging (Reactome),0.9563043695630437,0.9923639215025867,0.003083869336230099,0.08333333333333337,0.2613403114190881,5,S-Adenosyl-L-Homocysteine;Nicotinamide;L-(+)-Lactic Acid;Adenosine 5'-Diphosphate,IN-MGE-Immature
Nicotinate metabolism (Reactome),0.9574042595740426,0.9923639215025867,0.003043059395168585,0.08363636363636362,0.292184734352002,7,S-Adenosyl-L-Homocysteine;Nicotinamide;L-(+)-Lactic Acid;Adenosine 5'-Diphosphate;L-Glutamic Acid;L-Glutamine;Pyruvic Acid,IN-MGE-Immature
Aspartate and asparagine metabolism (Reactome),0.9705029497050295,0.9923639215025867,0.002515160664526489,0.07247681491115132,0.27513338215892713,9,N-Acetyl-1-Aspartylglutamic Acid;N-Acetyl-L-Aspartic Acid;L-Glutamic Acid;Asparagine;Taurine;L-Glutamine;L-Aspartic Acid;Beta-Alanine;Hypotaurine,IN-MGE-Immature
Omega-3 / omega-6 fatty acid synthesis (WikiPathways),0.9719028097190281,0.9923639215025867,0.0024529849248987887,0.07078039927404722,0.23585737994547484,6,"All-Cis-4,7,10,13,16-Docosapentaenoic Acid;7(Z),10(Z),13(Z),16(Z)-Docosatetraenoic Acid;Linoleic Acid;Docosahexaenoic Acid;8z,11z,14z-Eicosatrienoic Acid",IN-MGE-Immature
alpha-Linolenic acid metabolism (KEGG),0.9719028097190281,0.9923639215025867,0.0024529849248987887,0.07078039927404722,0.23585737994547484,6,"All-Cis-4,7,10,13,16-Docosapentaenoic Acid;7(Z),10(Z),13(Z),16(Z)-Docosatetraenoic Acid;Linoleic Acid;Docosahexaenoic Acid;8z,11z,14z-Eicosatrienoic Acid",IN-MGE-Immature
tRNA modification in the nucleus and cytosol (Reactome),0.9896010398960104,0.9945005499450055,0.0014789024774367028,0.052631578947368474,0.17538112867740446,6,S-Adenosyl-L-Homocysteine;5'-S-Methyl-5'-Thioadenosine;Guanine;L-(-)-Methionine;Pyruvic Acid;Succinic Acid,IN-MGE-Immature
Ferroptosis (WikiPathways),0.9923007699230078,0.9945005499450055,0.0012707982464733902,0.0492700729927007,0.18703694192849038,9,"Cytidine 2',3'-Cyclic Monophosphoric Acid;L-Glutathione Oxidized;L-Glutathione (Reduced);L-(-)-Methionine;Pe(18:0_20:4);L-Glutamine;Arachidonic Acid;Cytidine 2'_3'-Cyclic Phosphate",IN-MGE-Immature
Glutathione metabolism (WikiPathways),0.9927007299270073,0.9945005499450055,0.0012371010158160778,0.049090909090909074,0.17149973538052288,7,"Cytidine 2',3'-Cyclic Monophosphoric Acid;L-Glutathione Oxidized;L-Glutathione (Reduced);L-Glutamic Acid;L-Pyroglutamic Acid;Cytidine 2'_3'-Cyclic Phosphate;Glycine",IN-MGE-Immature
Arsenic metabolism and reactive oxygen species generation (WikiPathways),0.9945005499450055,0.9945005499450055,0.0010728319906245297,0.047101449275362306,0.1477140890629627,5,"S-Adenosyl-L-Homocysteine;Cytidine 2',3'-Cyclic Monophosphoric Acid;L-Glutathione Oxidized;L-Glutathione (Reduced)",IN-MGE-Immature
