gene,n_metabolites,n_cell_types,n_tests
ENSG00000253500,14,1,14
TSHZ2,13,4,13
GUCY1A1,12,3,14
EBF1,11,4,13
RARB,10,3,10
RYR2,10,3,10
RASGEF1B,9,3,9
RBFOX1,9,3,9
CORT,8,1,8
ENSG00000271774,8,2,8
PCP4,8,2,8
STRIP2,8,2,8
CNTNAP2,7,3,7
DACH1,7,3,7
DCC,7,3,7
LRMDA,7,3,8
MEIS2,7,2,7
PLCG2,7,3,7
ADGRV1,6,1,6
CHODL,6,1,6
FOXP1,6,2,6
GPR149,6,3,8
GRM3,6,2,6
PRKG1,6,3,6
TENM2,6,3,6
TRPS1,6,3,6
ADARB2,5,3,5
ARL17B,5,2,5
CDH8,5,2,5
CDH9,5,2,5
CEROX1,5,3,6
COL25A1,5,1,5
ENSG00000233005,5,1,5
FOXP2,5,2,7
GNAL,5,1,5
HS3ST4,5,1,5
KCTD16,5,2,5
NPY,5,2,5
RELN,5,3,5
RPL37A,5,4,5
SLC26A3,5,2,5
CALN1,4,2,6
CCSER1,4,3,4
CXXC4-AS1,4,2,4
DACH2,4,2,4
EEF1A1,4,3,4
FBN2,4,1,4
FOXO1,4,2,4
HS3ST5,4,2,4
IL1RAPL2,4,1,4
KCNIP4,4,1,4
MGAT4C,4,2,4
PARD3B,4,3,4
PBX3,4,1,4
PDE7B,4,2,4
PEG10,4,2,4
RALYL,4,4,4
RPL35A,4,3,4
RPL41,4,3,4
RPL7A,4,3,4
RPS25,4,3,4
RPS27,4,3,4
SLC35F3,4,1,4
SYNDIG1,4,1,4
TMSB10,4,3,4
TUBB2B,4,3,4
ZFHX4,4,3,4
ALCAM,3,1,3
CALB1,3,1,3
CNTN6,3,2,3
CNTNAP5,3,1,3
DIRC3-AS1,3,1,3
DLC1,3,1,3
DSCAM,3,2,3
EEF1B2,3,2,3
EEF1G,3,2,3
ENSG00000251680,3,2,3
ENSG00000259692,3,1,3
ENSG00000288035,3,1,3
EPHA4,3,1,3
GALNTL6,3,1,3
GRM8,3,2,3
GULP1,3,2,3
KCNQ5,3,3,3
MALAT1,3,2,3
MAP7,3,2,3
MSC-AS1,3,1,3
NR2F2-AS1,3,2,3
OPCML,3,2,3
PDE7B-AS1,3,1,3
PENK,3,2,3
POSTN,3,1,3
PRICKLE2,3,1,3
ROBO1,3,2,3
ROBO2,3,2,3
RPL10,3,3,3
RPL10A,3,2,3
RPL13,3,2,3
RPL13A,3,2,3
RPL18,3,2,3
RPL18A,3,2,3
RPL26,3,2,3
RPL27A,3,2,3
RPL28,3,3,3
RPL3,3,2,3
RPL30,3,2,3
RPL34,3,2,3
RPL36A,3,2,3
RPL39,3,2,3
RPL6,3,2,3
RPL7,3,2,3
RPL9,3,2,3
RPLP1,3,2,3
RPLP2,3,2,3
RPS10,3,2,3
RPS11,3,3,3
RPS12,3,2,3
RPS13,3,2,3
RPS15,3,2,3
RPS15A,3,2,3
RPS16,3,2,3
RPS17,3,2,3
RPS18,3,2,3
RPS2,3,2,3
RPS21,3,3,3
RPS23,3,2,3
RPS27A,3,2,3
RPS28,3,2,3
RPS29,3,3,3
RPS3A,3,2,3
RPS4X,3,2,3
RPS6,3,2,3
RPS8,3,2,3
RXRG,3,2,3
SGCZ,3,2,3
SKAP2,3,1,3
SOX2-OT,3,1,3
TLE4,3,3,3
TLL2,3,1,3
TMEM132C,3,3,3
TOX,3,2,3
UBA52,3,2,3
UNC5D,3,3,3
ADAMTS3,2,2,2
ADRA1A,2,1,2
ANKRD18A,2,1,2
ANKRD34B,2,1,2
ARHGAP10,2,1,2
ATP5F1E,2,2,2
BCAS1,2,1,2
CA10,2,1,2
CA8,2,1,2
CACNG5,2,1,2
CALM2,2,2,2
CALY,2,2,2
CCDC88C,2,1,2
CCK,2,1,2
CHSY3,2,1,2
CNTN4,2,2,2
CPNE8,2,1,2
CSMD1,2,1,2
CSMD2,2,1,2
DHRS3,2,1,2
DNAH14,2,2,2
ELMOD1,2,1,2
ENSG00000234352,2,1,2
ENSG00000249335,2,1,2
ENSG00000253503,2,1,2
ENSG00000258077,2,1,2
ENSG00000258342,2,1,2
ENSG00000259481,2,1,2
ENSG00000275443,2,2,2
ENSG00000286072,2,1,2
ENSG00000287844,2,1,2
ENSG00000289084,2,2,2
EPHA6,2,2,2
FAU,2,1,2
FRAS1,2,1,2
GABRB1,2,2,2
GAP43,2,1,2
H4C3,2,2,2
HS6ST3,2,2,2
IL1RAPL1,2,2,2
KCTD8,2,2,2
KIAA1217,2,2,2
LHFPL3,2,1,2
LINC01798,2,1,2
LINC02899,2,1,2
LINC02930,2,2,2
LINC03051,2,1,2
LNC-LBCS,2,2,3
LRRC4C,2,2,2
MARCKSL1,2,2,2
MEG3,2,2,2
MTUS2,2,1,2
NEGR1,2,2,2
NNAT,2,1,2
NRG3,2,1,2
NRGN,2,1,2
NTS,2,1,2
PAM,2,1,2
PCDH15,2,1,2
PCSK1N,2,1,2
PFDN5,2,1,2
PLXDC2,2,2,2
PRKCH,2,1,2
PWRN1,2,1,2
RAPGEF5,2,1,2
RGS6,2,1,2
RIT2,2,1,2
RORA,2,1,2
RPL11,2,1,2
RPL14,2,1,2
RPL15,2,2,2
RPL17,2,1,2
RPL19,2,2,2
RPL21,2,2,2
RPL22,2,1,2
RPL23A,2,2,2
RPL27,2,2,2
RPL31,2,1,2
RPL32,2,1,2
RPL35,2,1,2
RPL36,2,2,2
RPL37,2,1,2
RPL38,2,2,2
RPL5,2,1,2
RPS19,2,2,2
RPS24,2,1,2
RPS5,2,1,2
RPS7,2,1,2
RPS9,2,2,2
RPSA,2,1,2
RXFP1,2,2,2
SAMD3,2,1,2
SGCD,2,2,2
SLC1A3,2,1,2
SMOC2,2,2,2
SPHKAP,2,1,2
ST18,2,1,2
ST6GALNAC3,2,1,2
STMN1,2,2,2
SYT1,2,1,2
SYT10,2,1,2
TENM3,2,2,2
TUBB2A,2,1,2
ZBTB20,2,1,2
ZNF804B,2,2,2
ABCB5,1,1,1
ABLIM3,1,1,1
ACTB,1,1,1
ADAMTS19,1,1,1
ADGRL2,1,1,1
AGAP1,1,1,1
ALK,1,1,1
ARL14EP-DT,1,1,1
ASIC2,1,1,1
ASTN2,1,1,1
ATP5ME,1,1,1
ATP5MF,1,1,1
B3GLCT,1,1,1
BASP1,1,1,1
BCL11B,1,1,1
BEX1,1,1,1
BEX3,1,1,1
BMPER,1,1,1
BRINP1,1,1,1
BRINP3,1,1,1
BTF3,1,1,1
C12orf42,1,1,1
C12orf57,1,1,1
C1RL,1,1,1
C2orf83,1,1,1
C4orf48,1,1,1
C8orf34,1,1,1
CACNA2D3,1,1,1
CADM2,1,1,1
CALM1,1,1,1
CAVIN2-AS1,1,1,1
CD24,1,1,1
CDH10,1,1,1
CDH7,1,1,1
CDH8-AS1,1,1,1
CDK6,1,1,1
CHN1,1,1,1
CHRM3-AS2,1,1,1
CKB,1,1,1
CNKSR3,1,1,1
CNTN5,1,1,1
COL15A1,1,1,1
COL24A1,1,1,1
COX6B1,1,1,1
COX7A2,1,1,1
COX7C,1,1,1
CRACDL,1,1,1
CRB1,1,1,1
CRNDE,1,1,1
CROCCP2,1,1,1
CTNNA2,1,1,1
DANT2,1,1,1
DCHS2,1,1,1
DGKB,1,1,1
DGKG,1,1,1
DIAPH3,1,1,1
DLGAP1-AS5,1,1,1
DLX6-AS1,1,1,1
DOCK1,1,1,1
DOCK11,1,1,1
DPY19L1,1,1,1
DRD3,1,1,1
EEF1A2,1,1,1
EEF2,1,1,1
EGFR,1,1,1
EIF1,1,1,1
ELMO1,1,1,1
EML5,1,1,1
ENPP6,1,1,1
ENSG00000203279,1,1,1
ENSG00000228944,1,1,1
ENSG00000229618,1,1,1
ENSG00000230051,1,1,1
ENSG00000231918,1,1,1
ENSG00000239381,1,1,1
ENSG00000250237,1,1,1
ENSG00000253901,1,1,1
ENSG00000254787,1,1,1
ENSG00000254987,1,1,1
ENSG00000255648,1,1,1
ENSG00000255910,1,1,1
ENSG00000259345,1,1,1
ENSG00000259434,1,1,1
ENSG00000270207,1,1,1
ENSG00000273674,1,1,1
ENSG00000285744,1,1,1
ENSG00000285961,1,1,1
ENSG00000286069,1,1,1
ENSG00000286481,1,1,1
ENSG00000286679,1,1,1
ENSG00000286685,1,1,1
ENSG00000286863,1,1,1
ENSG00000287209,1,1,1
ENSG00000287631,1,1,1
ENSG00000287683,1,1,1
ENSG00000287722,1,1,1
ENSG00000288105,1,1,1
ENSG00000288765,1,1,1
ENSG00000288921,1,1,1
ENSG00000289368,1,1,1
ENSG00000291034,1,1,1
ENSG00000291111,1,1,1
ENTPD3,1,1,1
ENTREP2,1,1,1
EPB41L3,1,1,1
ERBB4,1,1,1
ERF,1,1,1
ETV1,1,1,1
FABP7,1,1,1
FAM242A,1,1,1
FAT1,1,1,1
FAT3,1,1,1
FERMT1,1,1,1
FGF12,1,1,1
FRMD4A,1,1,1
GABRA4,1,1,1
GAD2,1,1,1
GALNT13,1,1,1
GALNT7,1,1,1
GAPDH,1,1,1
GHR,1,1,1
GLI3,1,1,1
GLIS3-AS1,1,1,1
GLRA3,1,1,1
GLUD1,1,1,1
GNG7,1,1,1
GPC6,1,1,1
GPR158,1,1,1
GPR88,1,1,1
GRIA4,1,1,1
GRIK1,1,1,1
GRIK4,1,1,1
GUCY1B1,1,1,1
H3-3B,1,1,1
HSP90AB1,1,1,1
HSPA8,1,1,1
HTR2C,1,1,1
HTR7,1,1,1
IER2,1,1,1
IL1RAP,1,1,1
INHBA,1,1,1
INSM1,1,1,1
INSYN2B,1,1,1
IQCA1,1,1,1
ITGA8,1,1,1
KCNB2,1,1,1
KLHL29,1,1,1
LDB2,1,1,1
LGI1,1,1,1
LHFPL6,1,1,1
LIMCH1,1,1,1
LINC00290,1,1,1
LINC00609,1,1,1
LINC01748,1,1,1
LINC01951,1,1,1
LINC02144,1,1,1
LINC02223,1,1,1
LINC02232,1,1,1
LINC02306,1,1,1
LINC02307,1,1,1
LINC02336,1,1,1
LINC02488,1,1,1
LINC02672,1,1,1
LINC02712,1,1,1
LINC02726,1,1,1
LINC03000,1,1,1
LMO3,1,1,1
LMO4,1,1,1
LRP1B,1,1,1
LRRTM2,1,1,1
LRRTM3,1,1,1
LSAMP,1,1,1
MAGI1,1,1,1
MAML2,1,1,1
MAN1A1,1,1,1
MAP3K1,1,1,1
MAP3K21,1,1,1
MARCHF1,1,1,1
MBP,1,1,1
MCTP2,1,1,1
MDGA2,1,1,1
MED12L,1,1,1
MEI4,1,1,1
MFAP3L,1,1,1
MIR137HG,1,1,1
MIR193BHG,1,1,1
MIR646HG,1,1,1
MIR99AHG,1,1,1
MME,1,1,1
MT-CO2,1,1,1
MT3,1,1,1
MTCL1,1,1,1
MYO3B,1,1,1
NACA,1,1,1
NETO1,1,1,1
NEUROD2,1,1,1
NGEF,1,1,1
NHSL2,1,1,1
NIHCOLE,1,1,1
NOP53,1,1,1
NOS1,1,1,1
NPAS2,1,1,1
NPAS3,1,1,1
NPNT,1,1,1
NR3C2,1,1,1
NRG1,1,1,1
NRP1,1,1,1
NTM,1,1,1
ONECUT2,1,1,1
PACRG,1,1,1
PALM2AKAP2,1,1,1
PCDH11X,1,1,1
PCDH9,1,1,1
PCED1B,1,1,1
PDE1C,1,1,1
PDE3A,1,1,1
PDE8A,1,1,1
PDZRN3,1,1,1
PKP4,1,1,1
PNRC1,1,1,1
PPIA,1,1,1
PPP2R2C,1,1,1
PRKCB,1,1,1
PRSS23,1,1,1
PTMA,1,1,1
PTMS,1,1,1
PTPN13,1,1,1
PTPRD,1,1,1
RACK1,1,1,1
RAMP1,1,1,1
RASL10A,1,1,1
RBMS1,1,1,1
RGS7,1,1,1
RORA-AS1,1,1,1
RPL23,1,1,1
RPL24,1,1,1
RPL29,1,1,1
RPL4,1,1,1
RPL8,1,1,1
RPS14,1,1,1
RPS3,1,1,1
RUNX1T1,1,1,1
SASH1,1,1,1
SATB1-AS1,1,1,1
SEMA3C,1,1,1
SERPINB9,1,1,1
SH3D19,1,1,1
SLC22A3,1,1,1
SLC24A3,1,1,1
SLC6A1,1,1,1
SLC9A9,1,1,1
SLIT3,1,1,1
SMAD3,1,1,1
SNHG29,1,1,1
SNHG6,1,1,1
SNTG2,1,1,1
SORCS3,1,1,1
SOX1-OT,1,1,1
SPOCK3,1,1,1
SPON1,1,1,1
SRP14,1,1,1
SSTR1,1,1,1
ST3GAL5,1,1,1
STK31,1,1,1
STMN4,1,1,1
SYN2,1,1,1
SYT4,1,1,1
TACR1,1,1,1
TALAM1,1,1,1
TCF4,1,1,1
TENT5A,1,1,1
THRB,1,1,1
THSD7B,1,1,1
TMA7,1,1,1
TMEM132D,1,1,1
TMSB4X,1,1,1
TMTC1,1,1,1
TPT1,1,1,1
TRIM5,1,1,1
TRPC7,1,1,1
TRPM3,1,1,1
TSHZ3,1,1,1
TUBA1A,1,1,1
TUBA1B,1,1,1
UNC13B,1,1,1
UNC13C,1,1,1
UNC5C,1,1,1
UTRN,1,1,1
VIM,1,1,1
WIF1,1,1,1
XACT,1,1,1
ZEB2,1,1,1
ZNF385D-AS2,1,1,1
ZNF428,1,1,1
