pathway,n_hits,set_size,odds_ratio,pval,hit_names,padj,pathway_source
Pyrimidine biosynthesis (Reactome),2,5,20.950773098097137,0.009950161699847998,Uridine Monophosphate;L-Glutamic Acid,0.37258807806773026,Reactome
Metabolic disorders of biological oxidation enzymes (Reactome),2,9,9.00380671528728,0.033047293101906704,Vitamin D3;L-Glutamic Acid,0.37258807806773026,Reactome
Nucleotide biosynthesis (Reactome),2,11,6.992559105024353,0.04850364544809185,Uridine Monophosphate;L-Glutamic Acid,0.37258807806773026,Reactome
Amino acid transport defects (IEMs) (WikiPathways),2,12,6.28831146012227,0.05705118313700242,D-Tyrosine;L-Glutamic Acid,0.37258807806773026,WikiPathways
Interconversion of nucleotide di- and triphosphates (Reactome),2,12,6.28831146012227,0.05705118313700242,Uridine Monophosphate;L-Glutamic Acid,0.37258807806773026,Reactome
Metabolic pathways of fibroblasts (WikiPathways),2,13,5.7101325843981225,0.06609032317907859,D-Glucose 6-Phosphate;L-Glutamic Acid,0.37258807806773026,WikiPathways
Urea cycle and associated pathways (WikiPathways),2,13,5.7101325843981225,0.06609032317907859,Uridine Monophosphate;L-Glutamic Acid,0.37258807806773026,WikiPathways
Synthesis of substrates in N-glycan biosythesis (Reactome),2,15,4.820641741589409,0.08549073864388151,Uridine Monophosphate;L-Glutamic Acid,0.37258807806773026,Reactome
Amino Sugar Metabolism (KEGG),2,16,4.469696701225081,0.09578011862005618,D-Glucose 6-Phosphate;L-Glutamic Acid,0.37258807806773026,KEGG
Pyrimidine metabolism and related diseases (WikiPathways),2,16,4.469696701225081,0.09578011862005618,Uridine Monophosphate;L-Glutamic Acid,0.37258807806773026,WikiPathways
Activation of NMDA receptors and postsynaptic events (Reactome),1,5,7.5143316671963865,0.15640723837146808,L-Glutamic Acid,0.37258807806773026,Reactome
Branched-chain amino acid catabolism (Reactome),1,5,7.5143316671963865,0.15640723837146808,L-Glutamic Acid,0.37258807806773026,Reactome
Carboxyterminal post-translational modifications of tubulin (Reactome),1,5,7.5143316671963865,0.15640723837146808,L-Glutamic Acid,0.37258807806773026,Reactome
Deadenylation-dependent mRNA decay (Reactome),1,5,7.5143316671963865,0.15640723837146808,Uridine Monophosphate,0.37258807806773026,Reactome
Glutathione conjugation (Reactome),1,5,7.5143316671963865,0.15640723837146808,L-Glutamic Acid,0.37258807806773026,Reactome
Glutathione synthesis and recycling (Reactome),1,5,7.5143316671963865,0.15640723837146808,L-Glutamic Acid,0.37258807806773026,Reactome
Metabolism of folate and pterines (Reactome),1,5,7.5143316671963865,0.15640723837146808,L-Glutamic Acid,0.37258807806773026,Reactome
Paracetamol ADME (Reactome),1,5,7.5143316671963865,0.15640723837146808,L-Glutamic Acid,0.37258807806773026,Reactome
Post NMDA receptor activation events (Reactome),1,5,7.5143316671963865,0.15640723837146808,L-Glutamic Acid,0.37258807806773026,Reactome
Serine biosynthesis (Reactome),1,5,7.5143316671963865,0.15640723837146808,L-Glutamic Acid,0.37258807806773026,Reactome
Synthesis of Leukotrienes (LT) and Eoxins (EX) (Reactome),1,5,7.5143316671963865,0.15640723837146808,L-Glutamic Acid,0.37258807806773026,Reactome
Synthesis of UDP-N-acetyl-glucosamine (Reactome),1,5,7.5143316671963865,0.15640723837146808,L-Glutamic Acid,0.37258807806773026,Reactome
TP53 Regulates Metabolic Genes (Reactome),1,5,7.5143316671963865,0.15640723837146808,L-Glutamic Acid,0.37258807806773026,Reactome
Tyrosine catabolism (Reactome),1,5,7.5143316671963865,0.15640723837146808,L-Glutamic Acid,0.37258807806773026,Reactome
Vitamin B6-dependent and responsive disorders (WikiPathways),1,5,7.5143316671963865,0.15640723837146808,L-Glutamic Acid,0.37258807806773026,WikiPathways
Azathioprine ADME (Reactome),1,6,6.0108288227172055,0.18476329758587262,L-Glutamic Acid,0.37258807806773026,Reactome
Cannabinoid receptor signaling (WikiPathways),1,6,6.0108288227172055,0.18476329758587262,L-Glutamic Acid,0.37258807806773026,WikiPathways
Disorders of folate metabolism and transport (WikiPathways),1,6,6.0108288227172055,0.18476329758587262,L-Glutamic Acid,0.37258807806773026,WikiPathways
Disorders of fructose metabolism (WikiPathways),1,6,6.0108288227172055,0.18476329758587262,D-Glucose 6-Phosphate,0.37258807806773026,WikiPathways
Glycogen metabolism (Reactome),1,6,6.0108288227172055,0.18476329758587262,Uridine Monophosphate,0.37258807806773026,Reactome
Organic anion transporters (Reactome),1,6,6.0108288227172055,0.18476329758587262,L-Glutamic Acid,0.37258807806773026,Reactome
Tryptophan metabolism (KEGG),1,6,6.0108288227172055,0.18476329758587262,L-Glutamic Acid,0.37258807806773026,KEGG
Urea cycle (Reactome),1,6,6.0108288227172055,0.18476329758587262,L-Glutamic Acid,0.37258807806773026,Reactome
Urea cycle and related diseases (WikiPathways),1,6,6.0108288227172055,0.18476329758587262,L-Glutamic Acid,0.37258807806773026,WikiPathways
Warburg effect modulated by deubiquitinating enzymes and their substrates (WikiPathways),1,6,6.0108288227172055,0.18476329758587262,D-Glucose 6-Phosphate,0.37258807806773026,WikiPathways
Amino acid metabolism pathway excerpt: histidine catabolism extension (WikiPathways),1,7,5.006434349722499,0.21221234480520323,L-Glutamic Acid,0.37258807806773026,WikiPathways
Arachidonic Acid Metabolism (KEGG),1,7,5.006434349722499,0.21221234480520323,L-Glutamic Acid,0.37258807806773026,KEGG
Cell recruitment (pro-inflammatory response) (Reactome),1,7,5.006434349722499,0.21221234480520323,Uridine Monophosphate,0.37258807806773026,Reactome
Lactate shuttle in glial cells (WikiPathways),1,7,5.006434349722499,0.21221234480520323,D-Glucose 6-Phosphate,0.37258807806773026,WikiPathways
Lysine catabolism (Reactome),1,7,5.006434349722499,0.21221234480520323,L-Glutamic Acid,0.37258807806773026,Reactome
Lysine degradation (KEGG),1,7,5.006434349722499,0.21221234480520323,L-Glutamic Acid,0.37258807806773026,KEGG
NAD biosynthesis II from tryptophan (WikiPathways),1,7,5.006434349722499,0.21221234480520323,L-Glutamic Acid,0.37258807806773026,WikiPathways
Nicotinate metabolism (Reactome),1,7,5.006434349722499,0.21221234480520323,L-Glutamic Acid,0.37258807806773026,Reactome
Orexin receptor pathway (WikiPathways),1,7,5.006434349722499,0.21221234480520323,L-Glutamic Acid,0.37258807806773026,WikiPathways
Phenylalanine and Tyrosine Metabolism (KEGG),1,7,5.006434349722499,0.21221234480520323,L-Glutamic Acid,0.37258807806773026,KEGG
Purinergic signaling in leishmaniasis infection (Reactome),1,7,5.006434349722499,0.21221234480520323,Uridine Monophosphate,0.37258807806773026,Reactome
Pyrimidine salvage (Reactome),1,7,5.006434349722499,0.21221234480520323,Uridine Monophosphate,0.37258807806773026,Reactome
Class C/3 (Metabotropic glutamate/pheromone receptors) (Reactome),1,8,4.287510747859555,0.23878191159086282,L-Glutamic Acid,0.37258807806773026,Reactome
Gluconeogenesis (Reactome),1,8,4.287510747859555,0.23878191159086282,L-Glutamic Acid,0.37258807806773026,Reactome
Glutathione metabolism (WikiPathways),1,8,4.287510747859555,0.23878191159086282,L-Glutamic Acid,0.37258807806773026,WikiPathways
Histidine catabolism (Reactome),1,8,4.287510747859555,0.23878191159086282,L-Glutamic Acid,0.37258807806773026,Reactome
Nicotinate and nicotinamide metabolism (KEGG),1,8,4.287510747859555,0.23878191159086282,L-Glutamic Acid,0.37258807806773026,KEGG
Serine metabolism (WikiPathways),1,8,4.287510747859555,0.23878191159086282,L-Glutamic Acid,0.37258807806773026,WikiPathways
Thiamine metabolic pathways (WikiPathways),1,8,4.287510747859555,0.23878191159086282,D-Glucose 6-Phosphate,0.37258807806773026,WikiPathways
Trans-sulfuration pathway (WikiPathways),1,8,4.287510747859555,0.23878191159086282,L-Glutamic Acid,0.37258807806773026,WikiPathways
Tyrosine metabolism (KEGG),1,8,4.287510747859555,0.23878191159086282,L-Glutamic Acid,0.37258807806773026,KEGG
Amino acid metabolism in triple-negative breast cancer cells (WikiPathways),1,9,3.7480825419043233,0.26449873890198206,L-Glutamic Acid,0.37258807806773026,WikiPathways
Aspartate and asparagine metabolism (Reactome),1,9,3.7480825419043233,0.26449873890198206,L-Glutamic Acid,0.37258807806773026,Reactome
Biogenic amine synthesis (WikiPathways),1,9,3.7480825419043233,0.26449873890198206,L-Glutamic Acid,0.37258807806773026,WikiPathways
Degradation of cysteine and homocysteine (Reactome),1,9,3.7480825419043233,0.26449873890198206,L-Glutamic Acid,0.37258807806773026,Reactome
Glutathione metabolism (KEGG),1,9,3.7480825419043233,0.26449873890198206,L-Glutamic Acid,0.37258807806773026,KEGG
Glycolysis and gluconeogenesis (WikiPathways),1,9,3.7480825419043233,0.26449873890198206,D-Glucose 6-Phosphate,0.37258807806773026,WikiPathways
Phenylalanine and tyrosine metabolism (Reactome),1,9,3.7480825419043233,0.26449873890198206,L-Glutamic Acid,0.37258807806773026,Reactome
Propanoate metabolism (KEGG),1,9,3.7480825419043233,0.26449873890198206,L-Glutamic Acid,0.37258807806773026,KEGG
Pyrimidine catabolism (Reactome),1,9,3.7480825419043233,0.26449873890198206,Uridine Monophosphate,0.37258807806773026,Reactome
"Sensory perception of sweet, bitter, and umami (glutamate) taste (Reactome)",1,9,3.7480825419043233,0.26449873890198206,L-Glutamic Acid,0.37258807806773026,Reactome
"Valine, leucine and isoleucine degradation (KEGG)",1,9,3.7480825419043233,0.26449873890198206,L-Glutamic Acid,0.37258807806773026,KEGG
beta-Alanine metabolism (KEGG),1,9,3.7480825419043233,0.26449873890198206,L-Glutamic Acid,0.37258807806773026,KEGG
Cori cycle (WikiPathways),1,10,3.327426893193918,0.28938879849920796,D-Glucose 6-Phosphate,0.37258807806773026,WikiPathways
GABA metabolism (aka GHB) (WikiPathways),1,10,3.327426893193918,0.28938879849920796,L-Glutamic Acid,0.37258807806773026,WikiPathways
Galactose Metabolism (KEGG),1,10,3.327426893193918,0.28938879849920796,D-Glucose 6-Phosphate,0.37258807806773026,KEGG
Glucose metabolism (Reactome),1,10,3.327426893193918,0.28938879849920796,L-Glutamic Acid,0.37258807806773026,Reactome
Glucuronidation (WikiPathways),1,10,3.327426893193918,0.28938879849920796,D-Glucose 6-Phosphate,0.37258807806773026,WikiPathways
Glutamate and glutamine metabolism (Reactome),1,10,3.327426893193918,0.28938879849920796,L-Glutamic Acid,0.37258807806773026,Reactome
Histidine metabolism (KEGG),1,10,3.327426893193918,0.28938879849920796,L-Glutamic Acid,0.37258807806773026,KEGG
Phosphate bond hydrolysis by NTPDase proteins (Reactome),1,10,3.327426893193918,0.28938879849920796,Uridine Monophosphate,0.37258807806773026,Reactome
Purine ribonucleoside monophosphate biosynthesis (Reactome),1,10,3.327426893193918,0.28938879849920796,L-Glutamic Acid,0.37258807806773026,Reactome
Pyruvate metabolism (Reactome),1,10,3.327426893193918,0.28938879849920796,L-Glutamic Acid,0.37258807806773026,Reactome
Sensory perception of taste (Reactome),1,10,3.327426893193918,0.28938879849920796,L-Glutamic Acid,0.37258807806773026,Reactome
Urea cycle and metabolism of amino groups (WikiPathways),1,10,3.327426893193918,0.28938879849920796,L-Glutamic Acid,0.37258807806773026,WikiPathways
Biomarkers for urea cycle disorders (WikiPathways),1,11,2.990862446880313,0.3134773138043194,L-Glutamic Acid,0.3937580892907915,WikiPathways
Pyrimidine metabolism (WikiPathways),1,11,2.990862446880313,0.3134773138043194,Uridine Monophosphate,0.3937580892907915,WikiPathways
Nitrogen metabolism (KEGG),1,12,2.7152846415306544,0.336788780228621,L-Glutamic Acid,0.41296719480414246,KEGG
Tryptophan catabolism (Reactome),1,12,2.7152846415306544,0.336788780228621,L-Glutamic Acid,0.41296719480414246,Reactome
Cysteine and methionine catabolism (WikiPathways),1,13,2.485400737133793,0.3593469849827493,L-Glutamic Acid,0.43038069131654855,WikiPathways
Methionine de novo and salvage pathway (WikiPathways),1,13,2.485400737133793,0.3593469849827493,L-Glutamic Acid,0.43038069131654855,WikiPathways
Biomarkers for pyrimidine metabolism disorders (WikiPathways),1,14,2.291071034705291,0.381175026380271,Uridine Monophosphate,0.4362336413018657,WikiPathways
Metabolic reprogramming in colon cancer (WikiPathways),1,14,2.291071034705291,0.381175026380271,D-Glucose 6-Phosphate,0.4362336413018657,WikiPathways
Neurotransmitter release cycle (Reactome),1,14,2.291071034705291,0.381175026380271,L-Glutamic Acid,0.4362336413018657,Reactome
Sulfur amino acid metabolism (Reactome),1,14,2.291071034705291,0.381175026380271,L-Glutamic Acid,0.4362336413018657,Reactome
Arginine and proline metabolism (KEGG),1,15,2.1240328736557057,0.40229533264715567,L-Glutamic Acid,0.45534526662260477,KEGG
Nucleotide salvage (Reactome),1,16,1.9793842089930322,0.4227296802489623,Uridine Monophosphate,0.4732734463656861,Reactome
Cytosolic tRNA aminoacylation (Reactome),1,18,1.740964906775653,0.4616244531967785,L-Glutamic Acid,0.490178543085239,Reactome
Metabolism overview (WikiPathways),1,18,1.740964906775653,0.4616244531967785,L-Glutamic Acid,0.490178543085239,WikiPathways
Methionine Metabolism (KEGG),1,18,1.740964906775653,0.4616244531967785,L-Glutamic Acid,0.490178543085239,KEGG
Mitochondrial tRNA aminoacylation (Reactome),1,18,1.740964906775653,0.4616244531967785,L-Glutamic Acid,0.490178543085239,Reactome
tRNA Aminoacylation (Reactome),1,18,1.740964906775653,0.4616244531967785,L-Glutamic Acid,0.490178543085239,Reactome
KEGG:map01100 (KEGG),1,19,1.6415710918831041,0.48012533109379674,Υ-L-Glutamyl-L-Glutamic Acid,0.5046215214557251,KEGG
"Transport of vitamins, nucleosides, and related molecules (Reactome)",1,20,1.5526120155110599,0.4980211888874694,Uridine Monophosphate,0.5181432571253469,Reactome
Purine metabolism and related disorders (WikiPathways),1,22,1.4000768071325513,0.5320723988128564,L-Glutamic Acid,0.548034570777242,WikiPathways
Amino acid transport across the plasma membrane (Reactome),1,23,1.3341909568619332,0.5482636652899202,L-Glutamic Acid,0.559120371533285,Reactome
"Alanine, aspartate and glutamate metabolism (KEGG)",1,24,1.2740256690193281,0.5639217704791776,L-Glutamic Acid,0.5694504152877969,KEGG
Nucleotide catabolism (Reactome),1,26,1.1680960613141207,0.5937046495605814,Uridine Monophosphate,0.5937046495605814,Reactome
