pathway,pval,padj,log2err,ES,NES,size,leadingEdge,analysis,pathway_source
Sphingolipid metabolism: integrated pathway (WikiPathways),0.009032681885367055,0.8844792247074743,0.1948872974336822,-0.7053095752618268,-1.7027636753494062,9,"Adenosine 5'-Diphosphate;O-Phosphocolamine;Palmitoyl Sphingomyelin;D-Erythro-Sphinganine;D,L-Serine","Sex (limma t-statistic, positive = higher in males)",WikiPathways
Sphingolipid metabolism overview (WikiPathways),0.014546684709066306,0.8844792247074743,0.15535473237528252,-0.7525856052025328,-1.5925050867970032,6,"Adenosine 5'-Diphosphate;O-Phosphocolamine;D-Erythro-Sphinganine;D,L-Serine","Sex (limma t-statistic, positive = higher in males)",WikiPathways
Propanoate metabolism (KEGG),0.02184266710461488,0.8844792247074743,0.12449997625338785,-0.6596274237987854,-1.5924774820927772,9,L-Glutamic Acid;Adenosine 5'-Diphosphate;Biotin;Beta-Alanine,"Sex (limma t-statistic, positive = higher in males)",KEGG
Purinergic signaling (WikiPathways),0.03352506162695152,0.8844792247074743,0.10009850312420068,-0.6191837141708969,-1.5441518635305564,10,Adenosine 5'-Diphosphate;Uridine 5'-Triphosphate Sodium Salt;Adenosine 3'5'-Cyclic Monophosphate;Meglumine;Udp-Β-D-Glucose (Sodium Salt),"Sex (limma t-statistic, positive = higher in males)",WikiPathways
Pyruvate metabolism (Reactome),0.05390304026294166,0.8844792247074743,0.07840404137192353,-0.5879344121915742,-1.4662207636307258,10,"L-Glutamic Acid;Adenosine 5'-Diphosphate;Adenosine 3'5'-Cyclic Monophosphate;L-Malic Acid;Nicotinamide;D-Fructose-1,6-Bisphosphate","Sex (limma t-statistic, positive = higher in males)",Reactome
Class C/3 (Metabotropic glutamate/pheromone receptors) (Reactome),0.05697250745279894,0.8844792247074743,0.07649292498331117,-0.6297124921096265,-1.4660819085728443,8,L-Glutamic Acid;Γ-Aminobutyric Acid;L(+)-Ornithine,"Sex (limma t-statistic, positive = higher in males)",Reactome
Nucleotide salvage defects (Reactome),0.06147144240077444,0.8844792247074743,0.08945608635508519,0.7197494537787508,1.531268829119378,5,Adenine;2'-Deoxyadenosine;Hypoxanthtine,"Sex (limma t-statistic, positive = higher in males)",Reactome
Glutathione conjugation (Reactome),0.06166950596252129,0.8844792247074743,0.0744947003424623,-0.7198040252340449,-1.4337564130752902,5,L-Glutamic Acid;Adenosine 5'-Diphosphate,"Sex (limma t-statistic, positive = higher in males)",Reactome
Glutathione synthesis and recycling (Reactome),0.06166950596252129,0.8844792247074743,0.0744947003424623,-0.7198040252340449,-1.4337564130752902,5,L-Glutamic Acid;Adenosine 5'-Diphosphate,"Sex (limma t-statistic, positive = higher in males)",Reactome
Sphingolipid pathway (WikiPathways),0.06456558773424191,0.8844792247074743,0.07273832314898826,-0.7153698403670403,-1.4249240909890641,5,"O-Phosphocolamine;D-Erythro-Sphinganine;D,L-Serine","Sex (limma t-statistic, positive = higher in males)",WikiPathways
NAD metabolism in oncogene-induced senescence and mitochondrial dysfunction-associated senescence (WikiPathways),0.06660988074957411,0.8844792247074743,0.07156731649489641,-0.71343268112702,-1.4210655206196858,5,L-Malic Acid;Nicotinamide,"Sex (limma t-statistic, positive = higher in males)",WikiPathways
"mRNA, protein, and metabolite inducation pathway by cyclosporin A (WikiPathways)",0.06765381669645136,0.8844792247074743,0.08752676165983822,0.5577789471560094,1.4990704844486014,10,L-Glutamine;L-Threonine;L-Isoleucine;Dl-Alanine;Leucine,"Sex (limma t-statistic, positive = higher in males)",WikiPathways
Metabolism of sphingolipids in ER and Golgi apparatus (WikiPathways),0.06765899864682003,0.8844792247074743,0.07072344490479843,-0.6722434872678441,-1.422497541328997,6,"O-Phosphocolamine;D-Erythro-Sphinganine;D,L-Serine","Sex (limma t-statistic, positive = higher in males)",WikiPathways
Phenylalanine metabolism (Reactome),0.08155856727976767,0.8844792247074743,0.0773124512019339,0.6971963560328388,1.4832870551880657,5,L-Aspartic Acid;Dl-Alanine,"Sex (limma t-statistic, positive = higher in males)",Reactome
GABA metabolism (aka GHB) (WikiPathways),0.08331963845521775,0.8844792247074743,0.062459499010238485,-0.564988920582768,-1.4089981287059583,10,L-Glutamic Acid;Beta-Alanine;Uracil;Γ-Aminobutyric Acid;N-Acetylputrescine,"Sex (limma t-statistic, positive = higher in males)",WikiPathways
Thermogenesis (WikiPathways),0.08807495741056218,0.8844792247074743,0.061819319497729584,-0.6910908454650475,-1.3765634769560489,5,Adenosine 5'-Diphosphate;Adenosine 3'5'-Cyclic Monophosphate,"Sex (limma t-statistic, positive = higher in males)",WikiPathways
Metabolism of amine-derived hormones (Reactome),0.09632139399806389,0.8844792247074743,0.07090852647403903,0.6820710841602091,1.4511080000614278,5,S-Adenosyl-L-Homocysteine;Dl-Alanine,"Sex (limma t-statistic, positive = higher in males)",Reactome
Glyoxylate metabolism and glycine degradation (Reactome),0.10138713745271122,0.8844792247074743,0.07053972885275515,0.5689372118247136,1.4235348445179399,8,S-Adenosyl-L-Homocysteine;L-Aspartic Acid;Dl-Alanine,"Sex (limma t-statistic, positive = higher in males)",Reactome
Metabolism of folate and pterines (Reactome),0.11925042589437819,0.8844792247074743,0.052605918148347655,-0.6676188414764955,-1.329810284327857,5,"L-Glutamic Acid;Adenosine 5'-Diphosphate;D,L-Serine","Sex (limma t-statistic, positive = higher in males)",Reactome
Serine biosynthesis (Reactome),0.12316865417376491,0.8844792247074743,0.05169778104977241,-0.6647067456407473,-1.3240097665013049,5,"L-Glutamic Acid;D,L-Serine","Sex (limma t-statistic, positive = higher in males)",Reactome
Tyrosine catabolism (Reactome),0.1303236797274276,0.8844792247074743,0.050143756472362584,-0.6604889256320093,-1.3156084151963314,5,L-Glutamic Acid,"Sex (limma t-statistic, positive = higher in males)",Reactome
"Valine, leucine and isoleucine degradation (KEGG)",0.13171292494662507,0.8844792247074743,0.048874485355474874,-0.5542523875969043,-1.3380802780471868,9,L-Glutamic Acid;Adenosine 5'-Diphosphate;Biotin,"Sex (limma t-statistic, positive = higher in males)",KEGG
Nucleotide biosynthesis (Reactome),0.13434369380940148,0.8844792247074743,0.06144390609188169,0.48929478703189444,1.3550170397289223,11,Uridine Monophosphate;Guanosine 5'-Diphosphate (Gdp);L-Glutamine;L-Aspartic Acid,"Sex (limma t-statistic, positive = higher in males)",Reactome
Trans-sulfuration pathway (WikiPathways),0.134978469691951,0.8844792247074743,0.048448610762049545,-0.5709483256168149,-1.329268549385942,8,L-Glutamic Acid;Adenosine 5'-Diphosphate;L-(-)-Methionine,"Sex (limma t-statistic, positive = higher in males)",WikiPathways
Warburg effect modulated by deubiquitinating enzymes and their substrates (WikiPathways),0.13643031784841075,0.8844792247074743,0.05937398237230633,0.5976066527888909,1.3608796732727348,6,D-Glucose 6-Phosphate,"Sex (limma t-statistic, positive = higher in males)",WikiPathways
Paracetamol ADME (Reactome),0.16303236797274276,0.8844792247074743,0.04436101246920242,-0.6426806664051705,-1.2801366687527276,5,L-Glutamic Acid;Adenosine 5'-Diphosphate,"Sex (limma t-statistic, positive = higher in males)",Reactome
Synthesis of UDP-N-acetyl-glucosamine (Reactome),0.16490630323679728,0.8844792247074743,0.04408127817292084,-0.6415828074647002,-1.2779498759016603,5,L-Glutamic Acid;Adenosine 5'-Diphosphate;Uridine 5'-Triphosphate Sodium Salt;N-Acetyl-D-Glucosamine 6-Phosphate,"Sex (limma t-statistic, positive = higher in males)",Reactome
Cannabinoid receptor signaling (WikiPathways),0.1662719891745602,0.8844792247074743,0.04370715086187889,-0.6078191703219749,-1.2861727807429786,6,L-Glutamic Acid;Adenosine 3'5'-Cyclic Monophosphate;Γ-Aminobutyric Acid,"Sex (limma t-statistic, positive = higher in males)",WikiPathways
Glycolysis and gluconeogenesis (WikiPathways),0.16943521594684385,0.8844792247074743,0.05416236645338977,0.49692579371637063,1.2885379758709827,9,D-Glucose 6-Phosphate;L-Aspartic Acid,"Sex (limma t-statistic, positive = higher in males)",WikiPathways
Neurotransmitter release cycle (Reactome),0.16975358350781125,0.8844792247074743,0.04204216887557939,-0.46111415754194396,-1.2708309572851915,14,L-Glutamic Acid;Adenosine 5'-Diphosphate;Beta-Alanine;Γ-Aminobutyric Acid,"Sex (limma t-statistic, positive = higher in males)",Reactome
"Cerebral organic acidurias, including diseases (WikiPathways)",0.17188264058679706,0.8844792247074743,0.052485005744846026,0.5692563000502817,1.2963197849381007,6,L-Aspartic Acid;2-Oxoadipic Acid;N-Acetyl-L-Aspartic Acid,"Sex (limma t-statistic, positive = higher in males)",WikiPathways
"Sensory perception of sweet, bitter, and umami (glutamate) taste (Reactome)",0.18655762841809354,0.8844792247074743,0.051429735126524746,0.48782381168679784,1.264936364424961,9,Guanosine 5'-Diphosphate (Gdp);Caprolactam;L-Aspartic Acid,"Sex (limma t-statistic, positive = higher in males)",Reactome
Aspirin ADME (Reactome),0.2017794191707235,0.8844792247074743,0.039040775777130526,-0.5608106538044227,-1.2470524064558757,7,Adenosine 5'-Diphosphate;3-Hydroxybutyric Acid;Uridine 5'-Diphosphate;Glycine,"Sex (limma t-statistic, positive = higher in males)",Reactome
Urea cycle and associated pathways (WikiPathways),0.20230607966457023,0.8844792247074743,0.04989683590909948,0.42418076404542315,1.2332466922879768,13,Uridine Monophosphate;L-Glutamine;L-Aspartic Acid;Dl-Alanine;N-Acetylglutamic Acid,"Sex (limma t-statistic, positive = higher in males)",WikiPathways
Thiamine metabolic pathways (WikiPathways),0.21488020176544767,0.8844792247074743,0.047288783530358106,0.49218902813287974,1.231503612480248,8,D-Glucose 6-Phosphate,"Sex (limma t-statistic, positive = higher in males)",WikiPathways
Cell recruitment (pro-inflammatory response) (Reactome),0.2227441285537701,0.8844792247074743,0.04586089172375123,0.505616009568892,1.216980929835719,7,Uridine Monophosphate;Guanosine 5'-Diphosphate (Gdp),"Sex (limma t-statistic, positive = higher in males)",Reactome
Purinergic signaling in leishmaniasis infection (Reactome),0.2227441285537701,0.8844792247074743,0.04586089172375123,0.505616009568892,1.216980929835719,7,Uridine Monophosphate;Guanosine 5'-Diphosphate (Gdp),"Sex (limma t-statistic, positive = higher in males)",Reactome
15q25 copy number variation (WikiPathways),0.22538330494037478,0.8844792247074743,0.036955208126957094,-0.6130767899980838,-1.2211695802639575,5,Adenosine 5'-Diphosphate;Adenosine 3'5'-Cyclic Monophosphate,"Sex (limma t-statistic, positive = higher in males)",WikiPathways
Cytosolic tRNA aminoacylation (Reactome),0.22772543741588155,0.8844792247074743,0.04747183533924694,0.37263807895021567,1.1893684882804592,18,L-Glutamine;L-Threonine;L-Aspartic Acid;L-Isoleucine;Dl-Alanine;Leucine,"Sex (limma t-statistic, positive = higher in males)",Reactome
Mitochondrial tRNA aminoacylation (Reactome),0.22772543741588155,0.8844792247074743,0.04747183533924694,0.37263807895021567,1.1893684882804592,18,L-Glutamine;L-Threonine;L-Aspartic Acid;L-Isoleucine;Dl-Alanine;Leucine,"Sex (limma t-statistic, positive = higher in males)",Reactome
tRNA Aminoacylation (Reactome),0.22772543741588155,0.8844792247074743,0.04747183533924694,0.37263807895021567,1.1893684882804592,18,L-Glutamine;L-Threonine;L-Aspartic Acid;L-Isoleucine;Dl-Alanine;Leucine,"Sex (limma t-statistic, positive = higher in males)",Reactome
Acetylcholine synthesis (WikiPathways),0.22834912043301758,0.8844792247074743,0.03652669531221742,-0.5776373474819982,-1.222306682229795,6,Glycerophosphocholine;Choline;Cytidine 5'-Diphosphocholine,"Sex (limma t-statistic, positive = higher in males)",WikiPathways
Sensory perception of taste (Reactome),0.23232065356139903,0.8844792247074743,0.045610846766173836,0.4465052708195184,1.2000145865115557,10,Guanosine 5'-Diphosphate (Gdp);Caprolactam;L-Aspartic Acid,"Sex (limma t-statistic, positive = higher in males)",Reactome
Purine catabolism (Reactome),0.2377950210151956,0.8844792247074743,0.034746068639256986,-0.4435881277061735,-1.1956026534573352,13,Adenosine 5'-Diphosphate;Xanthine;Guanosine;Inosine,"Sex (limma t-statistic, positive = higher in males)",Reactome
Activation of NMDA receptors and postsynaptic events (Reactome),0.241396933560477,0.8844792247074743,0.03551405283279296,-0.604269023503993,-1.2036256498980968,5,L-Glutamic Acid;Adenosine 5'-Diphosphate;Adenosine 3'5'-Cyclic Monophosphate,"Sex (limma t-statistic, positive = higher in males)",Reactome
Post NMDA receptor activation events (Reactome),0.241396933560477,0.8844792247074743,0.03551405283279296,-0.604269023503993,-1.2036256498980968,5,L-Glutamic Acid;Adenosine 5'-Diphosphate;Adenosine 3'5'-Cyclic Monophosphate,"Sex (limma t-statistic, positive = higher in males)",Reactome
Ferroptosis (WikiPathways),0.24380903752872096,0.8844792247074743,0.04441237368099691,0.4406140693791896,1.184181564770296,10,"L-Glutamine;Pe(18:0_20:4);Arachidonic Acid;Cytidine 2',3'-Cyclic Monophosphoric Acid;1-Stearoyl-2-Hydroxy-Sn-Glycero-3-Phosphoethanolamine","Sex (limma t-statistic, positive = higher in males)",WikiPathways
Synthesis of ceramides and 1-deoxyceramides (WikiPathways),0.24407983761840324,0.8844792247074743,0.03513920259142528,-0.5699542632706035,-1.206048929484653,6,"O-Phosphocolamine;D-Erythro-Sphinganine;D,L-Serine","Sex (limma t-statistic, positive = higher in males)",WikiPathways
Synthesis of Leukotrienes (LT) and Eoxins (EX) (Reactome),0.24872231686541738,0.8844792247074743,0.034899241107277545,-0.6013074097463782,-1.1977264987831089,5,L-Glutamic Acid;Adenosine 5'-Diphosphate,"Sex (limma t-statistic, positive = higher in males)",Reactome
Orexin receptor pathway (WikiPathways),0.25163672989759944,0.8844792247074743,0.03436337797438592,-0.5371953538029685,-1.1945400005373867,7,L-Glutamic Acid;Adenosine 3'5'-Cyclic Monophosphate,"Sex (limma t-statistic, positive = higher in males)",WikiPathways
Organic cation/anion/zwitterion transport (Reactome),0.2546583850931677,0.8844792247074743,0.03412265343041466,-0.5360930320223961,-1.1920888113172354,7,L-Ergothioneine;Choline;Uric Acid;Creatinine;Histamine,"Sex (limma t-statistic, positive = higher in males)",Reactome
Serine metabolism (WikiPathways),0.259523020867837,0.8844792247074743,0.03347459041996721,-0.5133580450009603,-1.1951882038655945,8,"L-Glutamic Acid;D,L-Serine","Sex (limma t-statistic, positive = higher in males)",WikiPathways
Organic anion transporters (Reactome),0.2638700947225981,0.8844792247074743,0.03356355339837744,-0.5611693876358492,-1.1874597363901873,6,L-Glutamic Acid;L-Malic Acid;Citric Acid,"Sex (limma t-statistic, positive = higher in males)",Reactome
Fructose and mannose metabolism (KEGG),0.2644915534945346,0.8844792247074743,0.03309956100915795,-0.511823057481207,-1.1916144817927545,8,D-(-)-Mannitol;Adenosine 5'-Diphosphate,"Sex (limma t-statistic, positive = higher in males)",KEGG
Branched-chain amino acid catabolism (Reactome),0.2746166950596252,0.8844792247074743,0.03291573944475514,-0.5904584406743953,-1.1761167571910787,5,L-Glutamic Acid;Adenosine 5'-Diphosphate,"Sex (limma t-statistic, positive = higher in males)",Reactome
Kennedy pathway from sphingolipids (WikiPathways),0.2760847962901623,0.8844792247074743,0.03226173823824839,-0.5065757981800059,-1.1793979353092803,8,"Adenosine 5'-Diphosphate;O-Phosphocolamine;D,L-Serine;Choline;Cytidine 5'-Diphosphocholine","Sex (limma t-statistic, positive = higher in males)",WikiPathways
Neurodegeneration with brain iron accumulation (NBIA) subtypes pathway (WikiPathways),0.28534923339011925,0.8844792247074743,0.03216912894294298,-0.5861512188382448,-1.1675373290222646,5,"D-Erythro-Sphinganine;D,L-Serine;D-Pantothenic Acid","Sex (limma t-statistic, positive = higher in males)",WikiPathways
Glutathione metabolism (KEGG),0.2897027426506816,0.8844792247074743,0.031178877509850666,-0.48105873495246154,-1.1613756119538148,9,L-Glutamic Acid;Adenosine 5'-Diphosphate,"Sex (limma t-statistic, positive = higher in males)",KEGG
Disorders of fructose metabolism (WikiPathways),0.2899755501222494,0.8844792247074743,0.039339066170931865,0.5044295044725353,1.1486951425860572,6,D-Glucose 6-Phosphate,"Sex (limma t-statistic, positive = higher in males)",WikiPathways
Pyrimidine biosynthesis (Reactome),0.2906582768635044,0.8844792247074743,0.03905925194396204,0.5433448682803298,1.1559676160801924,5,Uridine Monophosphate;L-Glutamine;L-Aspartic Acid,"Sex (limma t-statistic, positive = higher in males)",Reactome
Azathioprine ADME (Reactome),0.2946210268948655,0.8844792247074743,0.03898547911510167,0.5025535295022218,1.1444231416089026,6,Guanosine 5'-Diphosphate (Gdp);L-Glutamine;S-Adenosyl-L-Homocysteine,"Sex (limma t-statistic, positive = higher in males)",Reactome
Interconversion of nucleotide di- and triphosphates (Reactome),0.31090670170827855,0.8844792247074743,0.03939563814668847,0.393899713738412,1.1169416537220298,12,Uridine Monophosphate;Guanosine 5'-Diphosphate (Gdp);L-Glutamine,"Sex (limma t-statistic, positive = higher in males)",Reactome
Vitamin B6-dependent and responsive disorders (WikiPathways),0.3143100511073254,0.8844792247074743,0.03033632400642057,-0.5733906349970735,-1.142119898339079,5,L-Glutamic Acid,"Sex (limma t-statistic, positive = higher in males)",WikiPathways
Carboxyterminal post-translational modifications of tubulin (Reactome),0.31993185689948894,0.8844792247074743,0.030007646107880627,-0.5712974010081837,-1.137950447279588,5,L-Glutamic Acid;Adenosine 5'-Diphosphate,"Sex (limma t-statistic, positive = higher in males)",Reactome
Degradation of cysteine and homocysteine (Reactome),0.3261619313516177,0.8844792247074743,0.0289854798089291,-0.46605733004615674,-1.125159107528532,9,"L-Glutamic Acid;D,L-Serine;L-Malic Acid","Sex (limma t-statistic, positive = higher in males)",Reactome
Lysine degradation (KEGG),0.334732247775726,0.8844792247074743,0.028912821198766724,-0.5043668259807009,-1.1215405053540457,7,L-Glutamic Acid,"Sex (limma t-statistic, positive = higher in males)",KEGG
Urea cycle (Reactome),0.3543640054127199,0.8844792247074743,0.028028631856996,-0.5257558231147522,-1.112523036496381,6,L-Glutamic Acid;Adenosine 5'-Diphosphate;L(+)-Ornithine,"Sex (limma t-statistic, positive = higher in males)",Reactome
Synthesis of substrates in N-glycan biosythesis (Reactome),0.36436170212765956,0.8844792247074743,0.036217061511963806,0.35055773400419826,1.0676866085094199,15,Uridine Monophosphate;Guanosine 5'-Diphosphate (Gdp);L-Glutamine,"Sex (limma t-statistic, positive = higher in males)",Reactome
Phosphate bond hydrolysis by NTPDase proteins (Reactome),0.3706918560122543,0.8844792247074743,0.03501166870217918,0.39387929214684536,1.0585785360014592,10,Uridine Monophosphate;Guanosine 5'-Diphosphate (Gdp),"Sex (limma t-statistic, positive = higher in males)",Reactome
Glycolysis (Reactome),0.3718314587879805,0.8844792247074743,0.027050981946814268,-0.4903932979061269,-1.0904681252309794,7,"Adenosine 5'-Diphosphate;Adenosine 3'5'-Cyclic Monophosphate;D-Fructose-1,6-Bisphosphate;Citric Acid","Sex (limma t-statistic, positive = higher in males)",Reactome
Organic cation transport (Reactome),0.37836456558773424,0.8844792247074743,0.027003999230321936,-0.545996791989246,-1.087554910211262,5,L-Ergothioneine;Choline;Creatinine;Histamine,"Sex (limma t-statistic, positive = higher in males)",Reactome
Carnosine metabolism of glial cells (WikiPathways),0.3829642248722317,0.8844792247074743,0.026794688903047145,-0.5441285707202606,-1.0838336553536214,5,Adenosine 5'-Diphosphate;Beta-Alanine,"Sex (limma t-statistic, positive = higher in males)",WikiPathways
Biogenic amine synthesis (WikiPathways),0.3877483987518476,0.8844792247074743,0.025954242289848287,-0.4418589090417829,-1.0667390977452196,9,L-Glutamic Acid;Γ-Aminobutyric Acid;Choline,"Sex (limma t-statistic, positive = higher in males)",WikiPathways
Glucose metabolism (Reactome),0.39227608874281017,0.8844792247074743,0.025768515183271716,-0.4273893351390574,-1.0658452785563919,10,L-Glutamic Acid;Adenosine 5'-Diphosphate;Adenosine 3'5'-Cyclic Monophosphate;L-Malic Acid,"Sex (limma t-statistic, positive = higher in males)",Reactome
Purine ribonucleoside monophosphate biosynthesis (Reactome),0.39315802910390607,0.8844792247074743,0.03382086211007419,0.3874177534029069,1.0412126923020018,10,Guanosine 5'-Diphosphate (Gdp);L-Glutamine;L-Aspartic Acid,"Sex (limma t-statistic, positive = higher in males)",Reactome
Abacavir ADME (Reactome),0.3986371379897785,0.8844792247074743,0.026106273527806447,-0.5378892193429106,-1.0714056753242003,5,Adenosine 5'-Diphosphate;Inosine,"Sex (limma t-statistic, positive = higher in males)",Reactome
Abacavir metabolism (Reactome),0.3986371379897785,0.8844792247074743,0.026106273527806447,-0.5378892193429106,-1.0714056753242003,5,Adenosine 5'-Diphosphate;Inosine,"Sex (limma t-statistic, positive = higher in males)",Reactome
16p11.2 proximal deletion syndrome (WikiPathways),0.4019720624486442,0.8844792247074743,0.025356953759916163,-0.4250313954653885,-1.059964928576477,10,"Glycerophosphocholine;Choline;D-Fructose-1,6-Bisphosphate","Sex (limma t-statistic, positive = higher in males)",WikiPathways
Sialic acid metabolism (Reactome),0.4030784844384303,0.8844792247074743,0.025796911112799074,-0.5062754301898136,-1.0713016463829992,6,Adenosine 5'-Diphosphate,"Sex (limma t-statistic, positive = higher in males)",Reactome
Methionine Metabolism (KEGG),0.4067122634006681,0.8844792247074743,0.02461750086802017,-0.35345780283002304,-1.0446364699292028,18,"L-Glutamic Acid;Adenosine 5'-Diphosphate;L-(-)-Methionine;D,L-Serine;O-Acetylserine","Sex (limma t-statistic, positive = higher in males)",KEGG
Glycerophospholipid biosynthetic pathway (WikiPathways),0.4098757463288688,0.8844792247074743,0.024727948614473298,-0.39572521137120353,-1.0461043976568039,12,"Adenosine 5'-Diphosphate;O-Phosphocolamine;D,L-Serine;Choline;Cytidine 5'-Diphosphocholine","Sex (limma t-statistic, positive = higher in males)",WikiPathways
Defective SLC6A19 causes Hartnup disorder (HND) (Reactome),0.4105124835742444,0.8844792247074743,0.033538078140941,0.36113589120804873,1.024036589709666,12,L-Glutamine;L-Isoleucine;Dl-Alanine;Leucine,"Sex (limma t-statistic, positive = higher in males)",Reactome
Metabolic disorders of biological oxidation enzymes (Reactome),0.41426015844620495,0.8844792247074743,0.03280659560827996,0.3942712310267063,1.0223527544663582,9,Vitamin D3;S-Adenosyl-L-Homocysteine;Arachidonic Acid,"Sex (limma t-statistic, positive = higher in males)",Reactome
Cori cycle (WikiPathways),0.42175134031146283,0.8844792247074743,0.03243706980829171,0.37868679842804215,1.0177476315093636,10,D-Glucose 6-Phosphate;Dl-Alanine,"Sex (limma t-statistic, positive = higher in males)",WikiPathways
Mitochondrial biogenesis (Reactome),0.43696763202725725,0.8844792247074743,0.024565862521997384,-0.5247344208525002,-1.0452030201053628,5,Adenosine 5'-Diphosphate;Linoleic Acid;Nicotinamide,"Sex (limma t-statistic, positive = higher in males)",Reactome
Transcriptional activation of mitochondrial biogenesis (Reactome),0.43696763202725725,0.8844792247074743,0.024565862521997384,-0.5247344208525002,-1.0452030201053628,5,Adenosine 5'-Diphosphate;Linoleic Acid;Nicotinamide,"Sex (limma t-statistic, positive = higher in males)",Reactome
Disorders of folate metabolism and transport (WikiPathways),0.439276048714479,0.8844792247074743,0.024361426767077064,-0.491441660887032,-1.0399127214450905,6,"L-Glutamic Acid;L-(-)-Methionine;D,L-Serine","Sex (limma t-statistic, positive = higher in males)",WikiPathways
Histidine catabolism (Reactome),0.4418681682676383,0.8844792247074743,0.023919511552438037,-0.4401576162458243,-1.024764676236104,8,L-Glutamic Acid;Adenosine 5'-Diphosphate;Beta-Alanine;Anserine,"Sex (limma t-statistic, positive = higher in males)",Reactome
Tyrosine metabolism (KEGG),0.45598991172761666,0.8844792247074743,0.030714680324979204,0.3951986704941269,0.9888245420812463,8,S-Adenosyl-L-Homocysteine;L-Aspartic Acid,"Sex (limma t-statistic, positive = higher in males)",KEGG
Tryptophan catabolism (Reactome),0.462320477650476,0.8844792247074743,0.022770191664584015,-0.38039471874427117,-1.0055780543901989,12,L-Glutamic Acid;L-(-)-Methionine,"Sex (limma t-statistic, positive = higher in males)",Reactome
Carnitine synthesis (Reactome),0.4638024357239513,0.8844792247074743,0.023475127066914864,-0.4821286552046331,-1.0202059813479312,6,"Ne,Ne,Ne-Trimethyllysine;N6,N6,N6-Trimethyl-L-Lysine;Glycine","Sex (limma t-statistic, positive = higher in males)",Reactome
Arginine and proline metabolism (KEGG),0.46382978723404256,0.8844792247074743,0.03139524244166768,0.3229119302617214,0.9834863425498941,15,L-Glutamine;S-Adenosyl-L-Homocysteine;L-Aspartic Acid;Dl-Alanine,"Sex (limma t-statistic, positive = higher in males)",KEGG
Urea cycle and related diseases (WikiPathways),0.4650366748166259,0.8844792247074743,0.029773590463071785,0.43150452397382827,0.9826291806839244,6,L-Glutamine;L-Aspartic Acid;N-Acetylglutamic Acid,"Sex (limma t-statistic, positive = higher in males)",WikiPathways
Nitrogen metabolism (KEGG),0.46877521381313536,0.8844792247074743,0.022549389686651333,-0.37834309488968193,-1.0001545618379133,12,"L-Glutamic Acid;Adenosine 5'-Diphosphate;Biotin;D,L-Serine","Sex (limma t-statistic, positive = higher in males)",KEGG
Transport of nucleosides and free purine and pyrimidine bases across the plasma membrane (Reactome),0.4737776343391964,0.8844792247074743,0.02238096044606272,-0.3769136994307294,-0.9963759375990894,12,Adenosine 5'-Diphosphate;Uracil;Guanosine;Inosine,"Sex (limma t-statistic, positive = higher in males)",Reactome
beta-Alanine metabolism (KEGG),0.47758252586631633,0.8844792247074743,0.0225329886085533,-0.41040615620280824,-0.9908056255474722,9,L-Glutamic Acid;Beta-Alanine;Uracil;Anserine;D-Pantothenic Acid;1-Methylhistidine,"Sex (limma t-statistic, positive = higher in males)",KEGG
Glycogen synthesis and degradation (WikiPathways),0.48534923339011926,0.8844792247074743,0.022859636478277854,-0.5058488977552082,-1.0075855035233743,5,Adenosine 3'5'-Cyclic Monophosphate;Udp-Β-D-Glucose (Sodium Salt),"Sex (limma t-statistic, positive = higher in males)",WikiPathways
Metabolic pathways of fibroblasts (WikiPathways),0.48558700209643607,0.8844792247074743,0.030255900081709516,0.33266946237853634,0.967190285082368,13,D-Glucose 6-Phosphate;L-Glutamine,"Sex (limma t-statistic, positive = higher in males)",WikiPathways
"Transport of vitamins, nucleosides, and related molecules (Reactome)",0.4859412231930103,0.8844792247074743,0.021734604478684288,-0.32405709214455164,-0.9849146643678192,20,Adenosine 5'-Diphosphate;Biotin;Uracil;Linoleic Acid;Guanosine;Inosine,"Sex (limma t-statistic, positive = higher in males)",Reactome
Alanine and aspartate metabolism (WikiPathways),0.4899157518509063,0.8844792247074743,0.029610258382548948,0.3587226997341041,0.9640927001906117,10,N-Beta-Alanyl-L-Histidine;L-Aspartic Acid;Dl-Alanine,"Sex (limma t-statistic, positive = higher in males)",WikiPathways
Gluconeogenesis (Reactome),0.49420337860218616,0.8844792247074743,0.022124649342717215,-0.4230194205102846,-0.9848639294218249,8,"L-Glutamic Acid;Adenosine 5'-Diphosphate;L-Malic Acid;D-Fructose-1,6-Bisphosphate","Sex (limma t-statistic, positive = higher in males)",Reactome
Deadenylation-dependent mRNA decay (Reactome),0.4973378509196515,0.8844792247074743,0.028371668973619917,0.4496601382130841,0.9566531099513216,5,Uridine Monophosphate,"Sex (limma t-statistic, positive = higher in males)",Reactome
Pyrimidine catabolism (Reactome),0.5074724913778945,0.8844792247074743,0.02157694854556481,-0.40053304995264205,-0.9669698982650128,9,Adenosine 5'-Diphosphate;Beta-Alanine;Uracil,"Sex (limma t-statistic, positive = higher in males)",Reactome
Arsenic metabolism and reactive oxygen species generation (WikiPathways),0.508557457212714,0.8844792247074743,0.02815621163649068,0.41499608117964465,0.9450358839373996,6,"S-Adenosyl-L-Homocysteine;Cytidine 2',3'-Cyclic Monophosphoric Acid;L-Glutathione (Reduced)","Sex (limma t-statistic, positive = higher in males)",WikiPathways
Nicotinate metabolism (Reactome),0.5145207319120363,0.8844792247074743,0.02170393142411401,-0.43871371483646304,-0.9755502862162164,7,L-Glutamic Acid;Adenosine 5'-Diphosphate,"Sex (limma t-statistic, positive = higher in males)",Reactome
Citric acid cycle (TCA cycle) (Reactome),0.5156983930778739,0.8844792247074743,0.02810502909125316,0.39295619751534133,0.945816963044105,7,Guanosine 5'-Diphosphate (Gdp);S-Adenosyl-L-Homocysteine,"Sex (limma t-statistic, positive = higher in males)",Reactome
Modified nucleosides derived from tRNA as urinary cancer markers (WikiPathways),0.5167785234899329,0.8844792247074743,0.0212429967614332,-0.37719094748888987,-0.9665932792058273,11,N2-Methylguanosine;Guanosine;Inosine;7-Methylguanosine,"Sex (limma t-statistic, positive = higher in males)",WikiPathways
KEGG:map01100 (KEGG),0.523242900206251,0.8844792247074743,0.020568654681801694,-0.3198946915426792,-0.9594475324192893,19,Υ-L-Glutamyl-L-Glutamic Acid;D-(-)-Mannitol;D-Gluconic Acid;O-Acetylserine;Citraconic Acid,"Sex (limma t-statistic, positive = higher in males)",KEGG
"Alanine, aspartate and glutamate metabolism (KEGG)",0.526415391894023,0.8844792247074743,0.020383931394345228,-0.3001229423340885,-0.9563647032575223,24,L-Glutamic Acid;Adenosine 5'-Diphosphate;Biotin;Beta-Alanine;Γ-Aminobutyric Acid;N-Acetyl-D-Glucosamine 6-Phosphate,"Sex (limma t-statistic, positive = higher in males)",KEGG
Lactate shuttle in glial cells (WikiPathways),0.5265760197775031,0.8844792247074743,0.0277357434056359,0.39035067099134074,0.9395456503643632,7,D-Glucose 6-Phosphate,"Sex (limma t-statistic, positive = higher in males)",WikiPathways
The phototransduction cascade (Reactome),0.5278315585672798,0.8844792247074743,0.02732052295175442,0.4387049277073074,0.9333458711950228,5,Guanosine 5'-Diphosphate (Gdp);S-Adenosyl-L-Homocysteine,"Sex (limma t-statistic, positive = higher in males)",Reactome
Amino acid metabolism pathway excerpt: histidine catabolism extension (WikiPathways),0.529125398690616,0.8844792247074743,0.02126760602983777,-0.4317824047962662,-0.9601374070084443,7,L-Glutamic Acid;L-Malic Acid,"Sex (limma t-statistic, positive = higher in males)",WikiPathways
Sulfur amino acid metabolism (Reactome),0.5310033821871477,0.8844792247074743,0.02057330867956823,-0.34550891281504514,-0.9522228178027033,14,"L-Glutamic Acid;L-(-)-Methionine;D,L-Serine;L-Malic Acid","Sex (limma t-statistic, positive = higher in males)",Reactome
Pyruvate metabolism (KEGG),0.5385120709476104,0.8844792247074743,0.02065738480034786,-0.3909779951513936,-0.9439020131799436,9,Adenosine 5'-Diphosphate;Biotin;L-Malic Acid,"Sex (limma t-statistic, positive = higher in males)",KEGG
Pyrimidine metabolism (WikiPathways),0.5422553300796301,0.8844792247074743,0.027893916731726576,0.334440706321133,0.9261755241520111,11,Uridine Monophosphate;L-Glutamine,"Sex (limma t-statistic, positive = higher in males)",WikiPathways
Maternal to zygotic transition (MZT) (Reactome),0.5497444633730835,0.8844792247074743,0.02090356892786134,-0.4793216663127269,-0.954746693418883,5,Adenosine 5'-Diphosphate;Uridine 5'-Triphosphate Sodium Salt,"Sex (limma t-statistic, positive = higher in males)",Reactome
Histidine metabolism (KEGG),0.5533278553820871,0.8844792247074743,0.02025172883812992,-0.37488637684719595,-0.9349107287099007,10,L-Glutamic Acid;Adenosine 5'-Diphosphate;Beta-Alanine,"Sex (limma t-statistic, positive = higher in males)",KEGG
Biomarkers for urea cycle disorders (WikiPathways),0.556883286953675,0.8844792247074743,0.02009405127426687,-0.3648607992709715,-0.9349959185629061,11,L-Glutamic Acid;L-(-)-Methionine;Beta-Alanine;L(+)-Ornithine,"Sex (limma t-statistic, positive = higher in males)",WikiPathways
Amino acid transport defects (IEMs) (WikiPathways),0.5604324673228982,0.8844792247074743,0.019780288670277767,-0.35257255080131755,-0.9320298158622053,12,D-Tyrosine;L-Glutamic Acid,"Sex (limma t-statistic, positive = higher in males)",WikiPathways
Glutathione metabolism (WikiPathways),0.5606160980457106,0.8844792247074743,0.020170384107560158,-0.4001478364572247,-0.9316148419084762,8,L-Glutamic Acid;Cytidine 2'_3'-Cyclic Phosphate,"Sex (limma t-statistic, positive = higher in males)",WikiPathways
Amino acid transport across the plasma membrane (Reactome),0.5614560352978254,0.8844792247074743,0.01939374716381635,-0.295865689720519,-0.9321460193299982,23,"L-Glutamic Acid;L-(-)-Methionine;Beta-Alanine;Γ-Aminobutyric Acid;D,L-Serine;L(+)-Ornithine","Sex (limma t-statistic, positive = higher in males)",Reactome
Glucose homeostasis (WikiPathways),0.5634525910476496,0.8844792247074743,0.019611293097033095,-0.32489130865589133,-0.9291759576477078,16,L-(-)-Methionine;L-Malic Acid;L(+)-Ornithine;3-Hydroxybutyric Acid,"Sex (limma t-statistic, positive = higher in males)",WikiPathways
Glycolysis in senescence (WikiPathways),0.5635434412265758,0.8844792247074743,0.02052221180519304,-0.4738773551606559,-0.9439023305709243,5,"D,L-Serine;Dl-Glutamine","Sex (limma t-statistic, positive = higher in males)",WikiPathways
Nucleotide catabolism (Reactome),0.56657800031294,0.8844792247074743,0.019150924461425467,-0.28630660566665295,-0.9309875679870082,26,Adenosine 5'-Diphosphate;Xanthine;Beta-Alanine;Uridine 5'-Triphosphate Sodium Salt;Uracil;Guanosine;Inosine,"Sex (limma t-statistic, positive = higher in males)",Reactome
Amino acid metabolism in triple-negative breast cancer cells (WikiPathways),0.5670881918213171,0.8844792247074743,0.019867863675000725,-0.3827203927375842,-0.9239664473959507,9,"L-Glutamic Acid;D,L-Serine;L-Malic Acid","Sex (limma t-statistic, positive = higher in males)",WikiPathways
Methionine de novo and salvage pathway (WikiPathways),0.5693501454898157,0.8844792247074743,0.019568332686778826,-0.34240953486942716,-0.9228960896134496,13,L-Glutamic Acid;L-(-)-Methionine;L(+)-Ornithine;Choline,"Sex (limma t-statistic, positive = higher in males)",WikiPathways
Regulation of insulin secretion (Reactome),0.5695196211096076,0.8844792247074743,0.02025172883812992,-0.4402345895749801,-0.9315562487984022,6,Adenosine 5'-Diphosphate;Adenosine 3'5'-Cyclic Monophosphate,"Sex (limma t-statistic, positive = higher in males)",Reactome
Citric Acid Cycle (KEGG),0.5790770241418952,0.8844792247074743,0.019551190465516375,-0.37929534251756497,-0.9156976654235364,9,Adenosine 5'-Diphosphate;Biotin;L-Malic Acid,"Sex (limma t-statistic, positive = higher in males)",KEGG
Amino Sugar Metabolism (KEGG),0.5815819027755494,0.8844792247074743,0.01913435300778884,-0.31998191088052025,-0.9151352792489037,16,L-Glutamic Acid;Adenosine 5'-Diphosphate;Uridine 5'-Triphosphate Sodium Salt;Udp-Β-D-Glucose (Sodium Salt);N-Acetyl-D-Glucosamine 6-Phosphate,"Sex (limma t-statistic, positive = higher in males)",KEGG
Role of carnosine in muscle contraction (WikiPathways),0.584742895805142,0.8844792247074743,0.019850298613866838,-0.43425494280083504,-0.9189030465058702,6,Beta-Alanine;Γ-Aminobutyric Acid;Anserine,"Sex (limma t-statistic, positive = higher in males)",WikiPathways
Lysine catabolism (Reactome),0.5864029666254635,0.8844792247074743,0.025875331394094793,0.3711086197061658,0.8932314336034161,7,Guanosine 5'-Diphosphate (Gdp);L-Saccharopine;2-Oxoadipic Acid;L-Pipecolinic Acid,"Sex (limma t-statistic, positive = higher in males)",Reactome
Glutamate and glutamine metabolism (Reactome),0.590468364831553,0.8844792247074743,0.019267552140301947,-0.3634182637423792,-0.9063109645095547,10,L-Glutamic Acid;Adenosine 5'-Diphosphate,"Sex (limma t-statistic, positive = higher in males)",Reactome
Nicotinate and nicotinamide metabolism (KEGG),0.5905929115601193,0.8844792247074743,0.019381069324028704,-0.3894537986153078,-0.9067172329105937,8,L-Glutamic Acid;Adenosine 5'-Diphosphate,"Sex (limma t-statistic, positive = higher in males)",KEGG
"Trans-sulfuration, one-carbon metabolism and related pathways (WikiPathways)",0.5942280397413657,0.8844792247074743,0.018556053367267684,-0.2857828006810466,-0.9106687454276283,24,"O-Phosphocolamine;L-(-)-Methionine;Cytidine 2'_3'-Cyclic Phosphate;D,L-Serine;L(+)-Ornithine;Choline;Cytidine 5'-Diphosphocholine;L-Glutathione Oxidized Hexhydrate;Glycine;Taurine","Sex (limma t-statistic, positive = higher in males)",WikiPathways
Purine metabolism and related disorders (WikiPathways),0.5947302383939774,0.8844792247074743,0.018461584809625144,-0.2918288787204118,-0.910536209084369,22,L-Glutamic Acid;Adenosine 5'-Diphosphate;L-(-)-Methionine;Xanthine;Guanosine;Inosine,"Sex (limma t-statistic, positive = higher in males)",WikiPathways
TP53 Regulates Metabolic Genes (Reactome),0.6001703577512777,0.8844792247074743,0.019564044890536023,-0.45808234805916204,-0.9124407216712337,5,L-Glutamic Acid;Adenosine 5'-Diphosphate,"Sex (limma t-statistic, positive = higher in males)",Reactome
Phosphatidylcholine catabolism (WikiPathways),0.6025033829499323,0.8844792247074743,0.019397976012793985,-0.4268280946657798,-0.9031875008560681,6,Adenosine 5'-Diphosphate;Glycerophosphocholine;Choline,"Sex (limma t-statistic, positive = higher in males)",WikiPathways
Free fatty acid receptors (Reactome),0.611468200270636,0.8844792247074743,0.019175823442149305,-0.4233184502246999,-0.895760934912431,6,"8z,11z,14z-Eicosatrienoic Acid;Palmitoleic Acid;Docosahexaenoic Acid","Sex (limma t-statistic, positive = higher in males)",Reactome
Purine salvage (Reactome),0.6312243221035333,0.8844792247074743,0.018270908864280344,-0.35105765892951946,-0.8754854590588831,10,Adenosine 5'-Diphosphate;Guanosine;Inosine,"Sex (limma t-statistic, positive = higher in males)",Reactome
Krebs cycle disorders (WikiPathways),0.6390094460045953,0.8844792247074743,0.02497177154019651,0.3199149980618319,0.859794249266973,10,Guanosine 5'-Diphosphate (Gdp);Dl-Alanine;Adenosine Triphosphate (Atp);Propionylcarnitine,"Sex (limma t-statistic, positive = higher in males)",WikiPathways
Nucleotide salvage (Reactome),0.6423454497214115,0.8844792247074743,0.02552970151330516,0.27904414162594804,0.8676350871330932,16,Uridine Monophosphate;Adenine;Cytidine;2'-Deoxyadenosine;Hypoxanthtine,"Sex (limma t-statistic, positive = higher in males)",Reactome
Arachidonic Acid Metabolism (KEGG),0.6442840355883834,0.8844792247074743,0.018282499474184057,-0.3899052305126882,-0.8670167956013003,7,L-Glutamic Acid,"Sex (limma t-statistic, positive = higher in males)",KEGG
NAD+ metabolism (WikiPathways),0.6442930153321976,0.8844792247074743,0.018500859540846744,-0.43953734414295853,-0.8755014752052005,5,Nicotinamide;Tryptophan,"Sex (limma t-statistic, positive = higher in males)",WikiPathways
Na+/Cl- dependent neurotransmitter transporters (Reactome),0.6453997809419496,0.8844792247074743,0.02598305991670699,0.26302287984420825,0.8783083644085555,21,L-Glutamine;L-Threonine;L-Isoleucine;Dl-Alanine;Leucine,"Sex (limma t-statistic, positive = higher in males)",Reactome
Pyrimidine salvage (Reactome),0.6459826946847961,0.8844792247074743,0.024260456701018725,0.35395887345659754,0.8519532427584672,7,Uridine Monophosphate;Cytidine,"Sex (limma t-statistic, positive = higher in males)",Reactome
Glucuronidation (WikiPathways),0.6535613990298698,0.8844792247074743,0.024598111373244077,0.31501315611768543,0.8466202013482249,10,D-Glucose 6-Phosphate,"Sex (limma t-statistic, positive = higher in males)",WikiPathways
Metabolic reprogramming in colon cancer (WikiPathways),0.6548905879251252,0.8844792247074743,0.02509885276867545,0.2857338096503941,0.8497174999113788,14,D-Glucose 6-Phosphate,"Sex (limma t-statistic, positive = higher in males)",WikiPathways
Folate metabolism (WikiPathways),0.6575792412547217,0.8844792247074743,0.017656750820011873,-0.355212666372158,-0.8575570877482936,9,"Adenosine 5'-Diphosphate;L-(-)-Methionine;D,L-Serine","Sex (limma t-statistic, positive = higher in males)",WikiPathways
Metabolism overview (WikiPathways),0.6650230634642914,0.8844792247074743,0.017022018518519574,-0.2905173739476857,-0.8586174687442327,18,L-Glutamic Acid;Udp-Β-D-Glucose (Sodium Salt);L-Malic Acid;L(+)-Ornithine;3-Hydroxybutyric Acid,"Sex (limma t-statistic, positive = higher in males)",WikiPathways
Cysteine and methionine catabolism (WikiPathways),0.6698997736825089,0.8844792247074743,0.017152112660941823,-0.3157394688639242,-0.8510122863905125,13,L-Glutamic Acid;L-(-)-Methionine,"Sex (limma t-statistic, positive = higher in males)",WikiPathways
Pyrimidine metabolism and related diseases (WikiPathways),0.6751163163805551,0.8844792247074743,0.01692791159002873,-0.29786514921368357,-0.8518822384492959,16,L-Glutamic Acid;Beta-Alanine;Uridine 5'-Triphosphate Sodium Salt;Uracil,"Sex (limma t-statistic, positive = higher in males)",WikiPathways
Sulfation biotransformation reaction (WikiPathways),0.6778534923339012,0.8844792247074743,0.017749019824051415,-0.4275730882206584,-0.8516702266223738,5,Adenosine 5'-Diphosphate,"Sex (limma t-statistic, positive = higher in males)",WikiPathways
Phenylalanine and Tyrosine Metabolism (KEGG),0.6808796374013766,0.8844792247074743,0.017466963259676817,-0.37765527608448574,-0.8397770578305692,7,L-Glutamic Acid,"Sex (limma t-statistic, positive = higher in males)",KEGG
Phenylalanine and tyrosine metabolism (Reactome),0.6833634422729512,0.8844792247074743,0.017092175387631303,-0.34631743128091724,-0.8360821443641274,9,L-Glutamic Acid,"Sex (limma t-statistic, positive = higher in males)",Reactome
NAD biosynthesis II from tryptophan (WikiPathways),0.6835599505562423,0.8844792247074743,0.02334020470051953,0.34224146909903386,0.8237503034122873,7,L-Glutamine;Dl-Alanine;Adenosine Triphosphate (Atp),"Sex (limma t-statistic, positive = higher in males)",WikiPathways
KEGG:map01120 (KEGG),0.7004880554842025,0.8844792247074743,0.023563921969872396,0.29372840642798126,0.8134298715436611,11,Methanesulfonic Acid;Isobutyric Acid;6-Aminocaproic Acid;Mesaconic Acid;Maleic Acid,"Sex (limma t-statistic, positive = higher in males)",KEGG
Phospholipid Biosynthesis (KEGG),0.7057243578982709,0.8844792247074743,0.016941809908566526,-0.36930130800372996,-0.8212006703673682,7,Choline;Cytidine 5'-Diphosphocholine;1-Hexadecanoyl-Sn-Glycero-3-Phosphoethanolamine;Dl-Dipalmitoylphosphatidylcholine;Acetylcholine;1-Palmitoyl-Sn-Glycero-3-Phosphocholine,"Sex (limma t-statistic, positive = higher in males)",KEGG
"Gamma-glutamyl cycle for the biosynthesis and degradation of glutathione, including diseases (WikiPathways)",0.7066439522998297,0.8844792247074743,0.01713798446824284,-0.41314799555797654,-0.8229373098988244,5,Adenosine 5'-Diphosphate,"Sex (limma t-statistic, positive = higher in males)",WikiPathways
Synthesis of PC (Reactome),0.7074030552291422,0.8844792247074743,0.01690709224947908,-0.3688598570312963,-0.8202190333500058,7,Adenosine 5'-Diphosphate;Choline;Cytidine 5'-Diphosphocholine,"Sex (limma t-statistic, positive = higher in males)",Reactome
Metabolic reprogramming in pancreatic cancer (WikiPathways),0.7077387946953164,0.8844792247074743,0.016900159953417586,-0.3686436540777056,-0.8197382714177401,7,N-Acetyl-D-Glucosamine 6-Phosphate;Dl-Glutamine,"Sex (limma t-statistic, positive = higher in males)",WikiPathways
Aspartate and asparagine metabolism (Reactome),0.7130891772047956,0.8844792247074743,0.016470759453246775,-0.3370179295143802,-0.8136312173353419,9,L-Glutamic Acid;Beta-Alanine,"Sex (limma t-statistic, positive = higher in males)",Reactome
Omega-3 / omega-6 fatty acid synthesis (WikiPathways),0.713125845737483,0.8844792247074743,0.016900159953417586,-0.38647885629559886,-0.817806692468688,6,"Linoleic Acid;All-Cis-4,7,10,13,16-Docosapentaenoic Acid;8z,11z,14z-Eicosatrienoic Acid;Docosahexaenoic Acid","Sex (limma t-statistic, positive = higher in males)",WikiPathways
alpha-Linolenic acid metabolism (KEGG),0.713125845737483,0.8844792247074743,0.016900159953417586,-0.38647885629559886,-0.817806692468688,6,"Linoleic Acid;All-Cis-4,7,10,13,16-Docosapentaenoic Acid;8z,11z,14z-Eicosatrienoic Acid;Docosahexaenoic Acid","Sex (limma t-statistic, positive = higher in males)",KEGG
Aerobic glycolysis - augmented (WikiPathways),0.7150016165535079,0.8844792247074743,0.016202014425943934,-0.3045014781537667,-0.8207225408509451,13,"Adenosine 5'-Diphosphate;D,L-Serine;D-Fructose-1,6-Bisphosphate","Sex (limma t-statistic, positive = higher in males)",WikiPathways
Biomarkers for pyrimidine metabolism disorders (WikiPathways),0.7257207279755195,0.8844792247074743,0.01593221035267821,-0.29358960866830663,-0.8091331773932589,14,Beta-Alanine;Uridine 5'-Triphosphate Sodium Salt;Uracil,"Sex (limma t-statistic, positive = higher in males)",WikiPathways
Diseases of nucleotide metabolism (Reactome),0.7285537700865266,0.8844792247074743,0.02232174712880363,0.3277399821540461,0.7888462799392981,7,Adenine;2'-Deoxyadenosine;Hypoxanthtine,"Sex (limma t-statistic, positive = higher in males)",Reactome
Primary bile acid biosynthesis (KEGG),0.7332543978349121,0.8844792247074743,0.016494245782798213,-0.3795156919508104,-0.8030723226340498,6,Adenosine 5'-Diphosphate,"Sex (limma t-statistic, positive = higher in males)",KEGG
MTHFR deficiency (WikiPathways),0.7388415672913118,0.8844792247074743,0.016487531082077494,-0.4012571362829732,-0.7992522579335086,5,L-(-)-Methionine;Choline;Cytidine 5'-Diphosphocholine,"Sex (limma t-statistic, positive = higher in males)",WikiPathways
Pantothenate and CoA Biosynthesis (KEGG),0.7402044293015332,0.8844792247074743,0.0164607068243181,-0.4002489872073505,-0.7972441555169655,5,Adenosine 5'-Diphosphate;D-Pantothenic Acid,"Sex (limma t-statistic, positive = higher in males)",KEGG
Hereditary leiomyomatosis and renal cell carcinoma pathway (WikiPathways),0.7406968876860622,0.8844792247074743,0.01634731472597053,-0.3768127490220963,-0.7973527734777238,6,L-Malic Acid;Citric Acid,"Sex (limma t-statistic, positive = higher in males)",WikiPathways
Tryptophan metabolism (KEGG),0.7530562347188264,0.8873585740471525,0.02162758360823578,0.33564776687016273,0.7643426009086779,6,S-Adenosyl-L-Homocysteine;Dl-Alanine;Adenosine Triphosphate (Atp),"Sex (limma t-statistic, positive = higher in males)",KEGG
"Metabolism of ingested SeMet, Sec, MeSec into H2Se (Reactome)",0.7593115848959672,0.8873585740471525,0.022273511774138954,0.27834898667104635,0.7708392362372767,11,S-Adenosyl-L-Homocysteine;Dl-Alanine;2-Oxobutanoic Acid;L-Serine,"Sex (limma t-statistic, positive = higher in males)",Reactome
Aerobic glycolysis (WikiPathways),0.7653145015601905,0.8873585740471525,0.015445618772412684,-0.31901807457204706,-0.7701758323067387,9,Adenosine 5'-Diphosphate,"Sex (limma t-statistic, positive = higher in males)",WikiPathways
Galactose Metabolism (KEGG),0.7727198027937552,0.8873585740471525,0.015315896399642849,-0.30774029773978856,-0.7674584188226671,10,Adenosine 5'-Diphosphate;Uridine 5'-Triphosphate Sodium Salt;Udp-Β-D-Glucose (Sodium Salt),"Sex (limma t-statistic, positive = higher in males)",KEGG
Selenocompound metabolism (KEGG),0.7753902971294275,0.8873585740471525,0.015573457900311904,-0.34328627167896075,-0.7633520659716423,7,"Adenosine 5'-Diphosphate;D,L-Serine","Sex (limma t-statistic, positive = higher in males)",KEGG
"Leucine, isoleucine and valine metabolism (WikiPathways)",0.7795056474054674,0.8873585740471525,0.015132684771594804,-0.2982596184951697,-0.7643230692974593,11,Biotin;Beta-Alanine;3-Hydroxybutyric Acid;Meglutol,"Sex (limma t-statistic, positive = higher in males)",WikiPathways
tRNA modification in the nucleus and cytosol (Reactome),0.7797699594046008,0.8873585740471525,0.015601682539343523,-0.35952116493963193,-0.76076300160361,6,L-(-)-Methionine,"Sex (limma t-statistic, positive = higher in males)",Reactome
Synthesis of wybutosine at G37 of tRNA(Phe) (Reactome),0.7856899488926746,0.8873585740471525,0.015595405295773529,-0.38157907829599297,-0.7600561144741459,5,L-(-)-Methionine,"Sex (limma t-statistic, positive = higher in males)",Reactome
Creatine metabolism (Reactome),0.78668433256045045,0.8873585740471525,0.015169132457863721,-0.3232514300554793,-0.7525864254923101,8,Adenosine 5'-Diphosphate;L(+)-Ornithine;Creatinine;Glycine,"Sex (limma t-statistic, positive = higher in males)",Reactome
Variant SLC6A14 may confer susceptibility towards obesity (Reactome),0.7873164434403743,0.8873585740471525,0.014782242174341782,-0.2857288541677801,-0.7553276927862299,12,"L-(-)-Methionine;Beta-Alanine;D,L-Serine","Sex (limma t-statistic, positive = higher in males)",Reactome
Purine metabolism (WikiPathways),0.7936457505957109,0.8873585740471525,0.014440300797051683,-0.26290230804505976,-0.766846088243287,17,Adenosine 5'-Diphosphate;Xanthine;Guanosine;Inosine,"Sex (limma t-statistic, positive = higher in males)",WikiPathways
Urea cycle and metabolism of amino groups (WikiPathways),0.7955628594905505,0.8873585740471525,0.014895099858462739,-0.29976164462066424,-0.7475608475519872,10,L-Glutamic Acid;L(+)-Ornithine,"Sex (limma t-statistic, positive = higher in males)",WikiPathways
Defective SLC29A3 causes histiocytosis-lymphadenopathy plus syndrome (HLAS) (Reactome),0.8,0.887431693989071,0.020690237756346905,0.3200697121489484,0.7288679991446311,6,Adenine;Cytidine,"Sex (limma t-statistic, positive = higher in males)",Reactome
Glycosphingolipid metabolism (Reactome),0.8207823960880195,0.8986050729853453,0.020297154879813605,0.3118801476898699,0.7102185886112884,6,Guanosine 5'-Diphosphate (Gdp),"Sex (limma t-statistic, positive = higher in males)",Reactome
Sulfur metabolism (KEGG),0.8216354344122657,0.8986050729853453,0.014948877582047639,-0.36629500211974414,-0.7296122138186825,5,Adenosine 5'-Diphosphate;O-Acetylserine,"Sex (limma t-statistic, positive = higher in males)",KEGG
One-carbon metabolism (WikiPathways),0.8288227334235453,0.8986050729853453,0.014720259336605666,-0.3372819544221831,-0.7137038290250225,6,"L-(-)-Methionine;D,L-Serine;Choline","Sex (limma t-statistic, positive = higher in males)",WikiPathways
Nicotinamide salvaging (Reactome),0.8321976149914821,0.8986050729853453,0.014764505008595833,-0.35993646850134897,-0.716946838197638,5,Adenosine 5'-Diphosphate,"Sex (limma t-statistic, positive = higher in males)",Reactome
Glycogen metabolism (Reactome),0.8322056833558863,0.8986050729853453,0.01466147943578235,-0.33518030676977156,-0.7092566477954272,6,Adenosine 5'-Diphosphate;Uridine 5'-Triphosphate Sodium Salt,"Sex (limma t-statistic, positive = higher in males)",Reactome
Ethanol effects on histone modifications (WikiPathways),0.8526405451448041,0.9157991040444193,0.01441433292513859,-0.3495437848426901,-0.6962459580659661,5,"L-(-)-Methionine;D,L-Serine","Sex (limma t-statistic, positive = higher in males)",WikiPathways
Metabolism of cofactors (Reactome),0.8637137989778535,0.9228100062763382,0.0142281559990724,-0.34385318594865205,-0.684911021927045,5,Adenosine 5'-Diphosphate,"Sex (limma t-statistic, positive = higher in males)",Reactome
Creatine pathway (WikiPathways),0.8726319350473613,0.9274569780869861,0.01397701257073178,-0.3177934951600018,-0.6724653701781944,6,Adenosine 5'-Diphosphate,"Sex (limma t-statistic, positive = higher in males)",WikiPathways
TCA cycle (aka Krebs or citric acid cycle) (WikiPathways),0.8959920503477973,0.9473249282323065,0.013290421803724953,-0.27875232712590525,-0.648984653937472,8,Adenosine 5'-Diphosphate;L-Malic Acid,"Sex (limma t-statistic, positive = higher in males)",WikiPathways
"Incretin synthesis, secretion, and inactivation (Reactome)",0.9136147150599442,0.9498158271355842,0.012886124343811808,-0.2633550309178543,-0.6357936941391646,9,"8z,11z,14z-Eicosatrienoic Acid;Palmitoleic Acid;Docosahexaenoic Acid","Sex (limma t-statistic, positive = higher in males)",Reactome
"Synthesis, secretion, and inactivation of Glucagon-like Peptide-1 (GLP-1) (Reactome)",0.9136147150599442,0.9498158271355842,0.012886124343811808,-0.2633550309178543,-0.6357936941391646,9,"8z,11z,14z-Eicosatrienoic Acid;Palmitoleic Acid;Docosahexaenoic Acid","Sex (limma t-statistic, positive = higher in males)",Reactome
Peptide hormone metabolism (Reactome),0.9150369761709121,0.9498158271355842,0.012873078973789958,-0.2517845184748691,-0.62791304828118355,10,"8z,11z,14z-Eicosatrienoic Acid;Palmitoleic Acid;Docosahexaenoic Acid","Sex (limma t-statistic, positive = higher in males)",Reactome
Vitamin B12 metabolism (WikiPathways),0.9170635572343571,0.9498158271355842,0.012831402260000431,-0.26110704814250096,-0.6303665972345723,9,"L-(-)-Methionine;D,L-Serine","Sex (limma t-statistic, positive = higher in males)",WikiPathways
Methionine metabolism leading to sulfur amino acids and related disorders (WikiPathways),0.9450189155107188,0.9688985467879941,0.018639306503363994,0.23798620468852888,0.5954640474335441,8,S-Adenosyl-L-Homocysteine,"Sex (limma t-statistic, positive = higher in males)",WikiPathways
Late SARS-CoV-2 Infection Events (Reactome),0.9498069498069498,0.9688985467879941,0.012639977886853573,-0.26085116748964887,-0.5800443945528803,7,Adenosine 5'-Diphosphate,"Sex (limma t-statistic, positive = higher in males)",Reactome
Translation of Structural Proteins (Reactome),0.9498069498069498,0.9688985467879941,0.012639977886853573,-0.26085116748964887,-0.5800443945528803,7,Adenosine 5'-Diphosphate,"Sex (limma t-statistic, positive = higher in males)",Reactome
HIF1A and PPARG in cardiac hypertropthy (WikiPathways),0.9660903139164009,0.9805816686251468,0.012392241790285993,-0.24679702233755965,-0.548792749432199,7,"D-Fructose-1,6-Bisphosphate;Dihydroxyacetone Phosphate;D-(+)-Glucose","Sex (limma t-statistic, positive = higher in males)",WikiPathways
T cell modulation in pancreatic cancer (WikiPathways),0.989256337082424,0.9959646910466583,0.012045618453504128,-0.21547326099604017,-0.4791393437859254,7,L(+)-Ornithine;Dl-Arginine,"Sex (limma t-statistic, positive = higher in males)",WikiPathways
Glycine metabolism (WikiPathways),0.993403247631935,0.9959646910466583,0.012095449496271051,-0.2146664038837708,-0.45424379337859605,6,"D,L-Serine;Glycine","Sex (limma t-statistic, positive = higher in males)",WikiPathways
Glyoxylate metabolism (WikiPathways),0.9959646910466583,0.9959646910466583,0.01786064212485884,0.18153037601652705,0.4542062115592224,8,Dl-Alanine;L-Hydroxyproline;L-Serine,"Sex (limma t-statistic, positive = higher in males)",WikiPathways
